<TICKER>,<PER>,<DATE>,<TIME>,<OPEN>,<HIGH>,<LOW>,<CLOSE>,<VOL>,<OPENINT>
WHLR.US,D,20121119,000000,222570600,222570600,195854400,213656800,0.000103872,0
WHLR.US,D,20121120,000000,222219200,240381400,217226800,217593600,0.00092674,0
WHLR.US,D,20121121,000000,220774400,220774400,217067200,217945000,0.000060047,0
WHLR.US,D,20121123,000000,218999200,218999200,213656800,213656800,0.000116562,0
WHLR.US,D,20121126,000000,213312400,213656800,202979000,211540000,0.000594715,0
WHLR.US,D,20121127,000000,213312400,213656800,208146400,208329800,0.000276426,0
WHLR.US,D,20121128,000000,213656800,213656800,207281200,213656800,0.000107012,0
WHLR.US,D,20121129,000000,213022600,213656800,206571400,212930200,0.000245683,0
WHLR.US,D,20121130,000000,206571400,213656800,206571400,213656800,0.000183804,0
WHLR.US,D,20121203,000000,214016600,214016600,206571400,211173200,0.0001760855,0
WHLR.US,D,20121204,000000,220774400,220774400,206571400,213656800,0.000598245,0
WHLR.US,D,20121205,000000,222570600,222570600,206571400,208672800,0.0001843275,0
WHLR.US,D,20121206,000000,213656800,214016600,206571400,206571400,0.00050536,0
WHLR.US,D,20121207,000000,212556400,212556400,212556400,212556400,0.0000054945,0
WHLR.US,D,20121210,000000,213312400,213656800,208329800,210446600,0.000400314,0
WHLR.US,D,20121211,000000,213312400,214375000,211540000,211540000,0.000133307,0
WHLR.US,D,20121212,000000,211173200,211173200,206892000,208329800,0.000172946,0
WHLR.US,D,20121213,000000,208672800,208672800,206571400,207229400,0.001100995,0
WHLR.US,D,20121214,000000,207961600,207961600,206571400,207634000,0.000504315,0
WHLR.US,D,20121217,000000,206892000,211173200,206571400,206571400,0.0002972265,0
WHLR.US,D,20121218,000000,207634000,218297800,206571400,206571400,0.00032169,0
WHLR.US,D,20121219,000000,208672800,221132800,206571400,211891400,0.000262428,0
WHLR.US,D,20121220,000000,206571400,212244200,206571400,210102200,0.000433412,0
WHLR.US,D,20121221,000000,210102200,213656800,206571400,206571400,0.000379775,0
WHLR.US,D,20121224,000000,206892000,206892000,206892000,206892000,0.00001125065,0
WHLR.US,D,20121227,000000,208420800,228548600,208420800,212028600,0.0003264,0
WHLR.US,D,20121228,000000,245816200,245816200,208420800,212395400,0.000276295,0
WHLR.US,D,20121231,000000,208420800,238049000,208420800,221370800,0.0004335425,0
WHLR.US,D,20130102,000000,223533800,228187400,210599200,221370800,0.0006388,0
WHLR.US,D,20130103,000000,218145200,218145200,212748200,215614000,0.0000333595,0
WHLR.US,D,20130104,000000,218855000,219221800,214904200,214904200,0.000685895,0
WHLR.US,D,20130107,000000,214543000,216685000,210950600,216685000,0.000158294,0
WHLR.US,D,20130108,000000,216325200,218481200,215614000,215614000,0.0001484825,0
WHLR.US,D,20130109,000000,216325200,224596400,210599200,215660200,0.000338697,0
WHLR.US,D,20130110,000000,215980800,215980800,213987200,214904200,0.0002663525,0
WHLR.US,D,20130111,000000,217074200,217425600,217074200,217425600,0.0000054945,0
WHLR.US,D,20130114,000000,218488200,218488200,216332200,216332200,0.0000567765,0
WHLR.US,D,20130115,000000,224092400,224092400,215980800,215980800,0.000098901,0
WHLR.US,D,20130116,000000,217425600,222464200,215980800,222464200,0.0000890895,0
WHLR.US,D,20130117,000000,223174000,223174000,216325200,216325200,0.0001058345,0
WHLR.US,D,20130118,000000,222798800,222798800,217425600,217425600,0.0000357143,0
WHLR.US,D,20130122,000000,218855000,218855000,216692000,216692000,0.0001667975,0
WHLR.US,D,20130123,000000,218488200,222798800,217785400,218145200,0.0002893775,0
WHLR.US,D,20130124,000000,216692000,220644200,216692000,217074200,0.0000363684,0
WHLR.US,D,20130125,000000,218488200,222080600,216692000,217425600,0.000207352,0
WHLR.US,D,20130128,000000,221736200,221736200,217425600,217425600,0.000228545,0
WHLR.US,D,20130129,000000,218855000,221011000,216325200,217785400,0.0004175825,0
WHLR.US,D,20130130,000000,220858400,221568200,219398200,219765000,0.000324699,0
WHLR.US,D,20130131,000000,221951800,221951800,217953400,217953400,0.000076792,0
WHLR.US,D,20130201,000000,219413600,221568200,216875400,218687000,0.00040921,0
WHLR.US,D,20130204,000000,221568200,222279400,218106000,220490200,0.0002239665,0
WHLR.US,D,20130205,000000,220490200,220490200,219413600,219413600,0.0001624805,0
WHLR.US,D,20130206,000000,218327200,221568200,217242200,217242200,0.0004000525,0
WHLR.US,D,20130207,000000,217609000,217609000,217609000,217609000,0.0000085034,0
WHLR.US,D,20130208,000000,220490200,220490200,217609000,217609000,0.000439037,0
WHLR.US,D,20130211,000000,218327200,220490200,218327200,218327200,0.000443747,0
WHLR.US,D,20130212,000000,220108000,220490200,218327200,219023000,0.0002365255,0
WHLR.US,D,20130213,000000,217953400,219023000,217953400,218687000,0.000087912,0
WHLR.US,D,20130214,000000,219413600,220108000,218687000,218687000,0.0000809785,0
WHLR.US,D,20130215,000000,219413600,220490200,218687000,220490200,0.000098247,0
WHLR.US,D,20130219,000000,220108000,220490200,219765000,220490200,0.0001872055,0
WHLR.US,D,20130220,000000,220490200,220490200,219765000,219772000,0.0002407115,0
WHLR.US,D,20130221,000000,219023000,220108000,217609000,217609000,0.00039168,0
WHLR.US,D,20130222,000000,220490200,220490200,216875400,217609000,0.000623755,0
WHLR.US,D,20130225,000000,218687000,218687000,216150200,216150200,0.000730635,0
WHLR.US,D,20130226,000000,217609000,218680000,216875400,216875400,0.00006371,0
WHLR.US,D,20130227,000000,218503600,223197800,218503600,218503600,0.000573125,0
WHLR.US,D,20130228,000000,221422600,221422600,218159200,218159200,0.000951855,0
WHLR.US,D,20130301,000000,218503600,219948400,218159200,218159200,0.0002708005,0
WHLR.US,D,20130304,000000,218159200,219581600,218159200,218503600,0.000156855,0
WHLR.US,D,20130305,000000,219245600,220704400,218503600,218503600,0.000114076,0
WHLR.US,D,20130306,000000,218503600,221048800,218503600,219963800,0.0002187335,0
WHLR.US,D,20130307,000000,218503600,219963800,218503600,219963800,0.0001807955,0
WHLR.US,D,20130308,000000,218885800,218885800,218877400,218885800,0.000010989,0
WHLR.US,D,20130311,000000,218503600,220315200,218503600,218877400,0.000228022,0
WHLR.US,D,20130312,000000,221422600,221422600,218503600,220704400,0.000354788,0
WHLR.US,D,20130313,000000,220315200,221048800,218503600,218877400,0.0002861065,0
WHLR.US,D,20130314,000000,219581600,220704400,218877400,218877400,0.000054945,0
WHLR.US,D,20130315,000000,218877400,221048800,218159200,218159200,0.0003023285,0
WHLR.US,D,20130318,000000,218159200,219963800,218159200,218503600,0.0001718995,0
WHLR.US,D,20130319,000000,221751600,221751600,218159200,218503600,0.000327577,0
WHLR.US,D,20130320,000000,218159200,221048800,218159200,221048800,0.00070709,0
WHLR.US,D,20130321,000000,220697400,221048800,218503600,218617000,0.000192569,0
WHLR.US,D,20130322,000000,221040400,221040400,218159200,218159200,0.0004309265,0
WHLR.US,D,20130325,000000,220315200,220704400,218159200,218503600,0.000464809,0
WHLR.US,D,20130326,000000,221599000,221599000,219427600,219427600,0.0004587915,0
WHLR.US,D,20130327,000000,219427600,221988200,219427600,221599000,0.00003558345,0
WHLR.US,D,20130328,000000,219427600,219780400,219427600,219427600,0.000352695,0
WHLR.US,D,20130401,000000,221988200,221988200,220061800,220061800,0.0000189691,0
WHLR.US,D,20130402,000000,221599000,223097000,219427600,219427600,0.000349686,0
WHLR.US,D,20130403,000000,219427600,221988200,219427600,219780400,0.0000669805,0
WHLR.US,D,20130404,000000,220147200,220147200,220147200,220147200,0.0000189691,0
WHLR.US,D,20130405,000000,221263000,222707800,221263000,221263000,0.000295264,0
WHLR.US,D,20130408,000000,219780400,222707800,219780400,221988200,0.000090005,0
WHLR.US,D,20130409,000000,222707800,222707800,219780400,220521000,0.0000918365,0
WHLR.US,D,20130410,000000,220521000,220896200,219780400,219780400,0.000110413,0
WHLR.US,D,20130411,000000,221263000,221263000,219780400,219780400,0.00001360545,0
WHLR.US,D,20130412,000000,221055800,222707800,219780400,221958800,0.0004836475,0
WHLR.US,D,20130415,000000,220521000,220521000,216524000,219427600,0.00068498,0
WHLR.US,D,20130416,000000,220147200,220154200,220147200,220147200,0.0000273417,0
WHLR.US,D,20130417,000000,220154200,220521000,219427600,220138800,0.000371795,0
WHLR.US,D,20130418,000000,219427600,219780400,219427600,219780400,0.000107012,0
WHLR.US,D,20130419,000000,221422600,222341000,220521000,220812200,0.0000685505,0
WHLR.US,D,20130422,000000,222341000,222341000,219427600,220147200,0.0001344845,0
WHLR.US,D,20130423,000000,220147200,222341000,220147200,221958800,0.000168498,0
WHLR.US,D,20130424,000000,221988200,222341000,219427600,219674000,0.000062925,0
WHLR.US,D,20130425,000000,222341000,222341000,219427600,219427600,0.0002377025,0
WHLR.US,D,20130426,000000,221071200,221071200,220728200,220728200,0.0001628725,0
WHLR.US,D,20130429,000000,223349000,223349000,220728200,221071200,0.000114076,0
WHLR.US,D,20130430,000000,221071200,221071200,221071200,221071200,0.0000406855,0
WHLR.US,D,20130503,000000,221071200,221071200,221071200,221071200,0.0002715855,0
WHLR.US,D,20130506,000000,223288800,223655600,221454800,222341000,0.00052734,0
WHLR.US,D,20130507,000000,220728200,223655600,220728200,222929000,0.0001360545,0
WHLR.US,D,20130508,000000,221454800,222929000,220728200,222929000,0.000193616,0
WHLR.US,D,20130509,000000,221454800,222562200,220728200,221454800,0.000374542,0
WHLR.US,D,20130510,000000,221071200,222929000,220728200,222929000,0.0002496075,0
WHLR.US,D,20130513,000000,223281800,223288800,223281800,223288800,0.0000163527,0
WHLR.US,D,20130514,000000,223288800,223288800,220728200,221454800,0.0001579015,0
WHLR.US,D,20130515,000000,221071200,223288800,221071200,222929000,0.0002927785,0
WHLR.US,D,20130516,000000,221454800,223288800,221454800,222562200,0.000197148,0
WHLR.US,D,20130517,000000,223288800,223288800,221461800,221813200,0.0003411825,0
WHLR.US,D,20130520,000000,222929000,223655600,221859400,223288800,0.0002502615,0
WHLR.US,D,20130521,000000,225131200,225131200,224029400,224390600,0.0001674515,0
WHLR.US,D,20130522,000000,225131200,225131200,222929000,223288800,0.000086342,0
WHLR.US,D,20130523,000000,222562200,222929000,222562200,222875800,0.0000134746,0
WHLR.US,D,20130524,000000,222562200,229541200,221071200,223984600,0.000661825,0
WHLR.US,D,20130528,000000,221071200,226591400,221071200,223151600,0.00058281,0
WHLR.US,D,20130529,000000,224214200,224954800,222005000,222371800,0.0003032445,0
WHLR.US,D,20130530,000000,224579600,224579600,222371800,222371800,0.000070382,0
WHLR.US,D,20130531,000000,223869800,225024800,221972800,221972800,0.0001248035,0
WHLR.US,D,20130603,000000,223112400,223112400,220138800,220138800,0.00025955,0
WHLR.US,D,20130604,000000,222723200,224579600,216073200,222005000,0.00068171,0
WHLR.US,D,20130605,000000,222371800,223487600,222005000,222371800,0.000065018,0
WHLR.US,D,20130606,000000,225314600,225314600,224579600,224579600,0.00004395605,0
WHLR.US,D,20130607,000000,226805600,232713600,224954800,232713600,0.0000338828,0
WHLR.US,D,20130610,000000,231246400,231246400,223846000,227179400,0.0000163527,0
WHLR.US,D,20130611,000000,227553200,229404000,223112400,223112400,0.0002145475,0
WHLR.US,D,20130612,000000,223846000,224214200,223846000,224214200,0.0001081895,0
WHLR.US,D,20130613,000000,225696800,240136400,224214200,228639600,0.00004395605,0
WHLR.US,D,20130614,000000,233095800,234761800,223112400,223112400,0.0000896125,0
WHLR.US,D,20130619,000000,223487600,223487600,223487600,223487600,0.000003008895,0
WHLR.US,D,20130620,000000,223840400,228471600,222005000,222118400,0.0002534015,0
WHLR.US,D,20130621,000000,222005000,236794600,222005000,224214200,0.0003318945,0
WHLR.US,D,20130624,000000,222371800,223112400,222005000,223112400,0.000105311,0
WHLR.US,D,20130625,000000,222371800,222723200,216815200,216815200,0.00051465,0
WHLR.US,D,20130626,000000,225559600,225559600,212534000,212534000,0.000174254,0
WHLR.US,D,20130627,000000,222586000,222586000,189096600,208811400,0.0003479855,0
WHLR.US,D,20130628,000000,215125400,215889800,202848800,203207200,0.0003271845,0
WHLR.US,D,20130701,000000,206189200,212151800,202848800,202848800,0.0002465985,0
WHLR.US,D,20130702,000000,210669200,211057000,200624200,200999400,0.000196494,0
WHLR.US,D,20130703,000000,208420800,208811400,202848800,202848800,0.0000808475,0
WHLR.US,D,20130705,000000,207687200,209169800,171966200,186995200,0.0002467295,0
WHLR.US,D,20130708,000000,204713600,204713600,191543800,191696400,0.000190607,0
WHLR.US,D,20130709,000000,191696400,192430000,186116000,187607000,0.0002702775,0
WHLR.US,D,20130710,000000,183869000,191696400,182606200,191696400,0.0001754315,0
WHLR.US,D,20130711,000000,191291800,207312000,186116000,207312000,0.000454474,0
WHLR.US,D,20130712,000000,200624200,207312000,193072600,200999400,0.000155939,0
WHLR.US,D,20130715,000000,204713600,210294000,195777400,196726600,0.0001386705,0
WHLR.US,D,20130716,000000,192812200,207687200,187255600,193552800,0.0002569335,0
WHLR.US,D,20130717,000000,194303200,208077800,194226200,194226200,0.0002208265,0
WHLR.US,D,20130718,000000,189096600,199126200,188692000,190205400,0.000236002,0
WHLR.US,D,20130719,000000,196534800,199866800,192430000,193904200,0.0003250915,0
WHLR.US,D,20130722,000000,192812200,199110800,192812200,193552800,0.000112899,0
WHLR.US,D,20130723,000000,196534800,196534800,190947400,190947400,0.000220434,0
WHLR.US,D,20130724,000000,191696400,194661600,191291800,194661600,0.0000807165,0
WHLR.US,D,20130725,000000,194661600,194661600,193552800,193552800,0.0000164835,0
WHLR.US,D,20130726,000000,195036800,199133200,195036800,197254400,0.000192831,0
WHLR.US,D,20130729,000000,198591400,200456200,198591400,198591400,0.000107535,0
WHLR.US,D,20130730,000000,196327600,199011400,196327600,196709800,0.0000601775,0
WHLR.US,D,20130731,000000,195594000,199332000,194836600,194836600,0.000079147,0
WHLR.US,D,20130801,000000,204194200,204568000,196709800,196709800,0.00017203,0
WHLR.US,D,20130805,000000,196327600,199325000,191459800,196709800,0.000144165,0
WHLR.US,D,20130806,000000,196144200,199585400,194469800,194469800,0.0001195705,0
WHLR.US,D,20130807,000000,191098600,196327600,189173600,190733200,0.0003647305,0
WHLR.US,D,20130808,000000,190733200,191098600,188470800,188470800,0.000396651,0
WHLR.US,D,20130809,000000,191098600,195204800,186405800,189593600,0.000298927,0
WHLR.US,D,20130812,000000,190351000,190351000,188470800,190327200,0.0000206698,0
WHLR.US,D,20130813,000000,190351000,191459800,187338200,189204400,0.000200157,0
WHLR.US,D,20130814,000000,184059400,187338200,184059400,187338200,0.0000490581,0
WHLR.US,D,20130815,000000,183601600,187338200,181346200,181346200,0.0002503925,0
WHLR.US,D,20130816,000000,182858200,187338200,181720000,185113600,0.000495552,0
WHLR.US,D,20130819,000000,186214000,187338200,180222000,183953000,0.00030573,0
WHLR.US,D,20130820,000000,187338200,187338200,174979000,176094800,0.00119793,0
WHLR.US,D,20130821,000000,161113400,171600800,155533000,168985600,0.004796575,0
WHLR.US,D,20130822,000000,165981200,167120800,161113400,162992200,0.00232156,0
WHLR.US,D,20130823,000000,162625400,168611800,161487200,164773000,0.00076007,0
WHLR.US,D,20130826,000000,168245000,170109800,163374400,165981200,0.00171873,0
WHLR.US,D,20130827,000000,162992200,165629800,162992200,164873800,0.000910645,0
WHLR.US,D,20130828,000000,167318200,167318200,164284400,166180000,0.0004778915,0
WHLR.US,D,20130829,000000,166180000,169971200,164666600,167701800,0.000666535,0
WHLR.US,D,20130830,000000,166180000,167648600,157864000,157864000,0.00089338,0
WHLR.US,D,20130903,000000,160294400,165240600,158376400,162198400,0.00118681,0
WHLR.US,D,20130904,000000,163688000,163688000,157649800,163688000,0.00063409,0
WHLR.US,D,20130905,000000,161432600,162947400,159506200,162587600,0.000295264,0
WHLR.US,D,20130906,000000,162397200,162397200,158628400,158628400,0.00092085,0
WHLR.US,D,20130909,000000,157864000,161648200,151466000,157115000,0.0004352435,0
WHLR.US,D,20130910,000000,154943600,160294400,154585200,157259200,0.000370879,0
WHLR.US,D,20130911,000000,158270000,160531000,154470400,157488800,0.00080769,0
WHLR.US,D,20130912,000000,155615600,161991200,155615600,157488800,0.000427525,0
WHLR.US,D,20130913,000000,158757200,160661200,156861600,159926200,0.000271978,0
WHLR.US,D,20130916,000000,162030400,162397200,156357600,159392800,0.0002825745,0
WHLR.US,D,20130917,000000,157864000,169971200,157864000,164353000,0.00237258,0
WHLR.US,D,20130918,000000,162397200,165424000,162397200,162786400,0.000356227,0
WHLR.US,D,20130919,000000,166180000,166180000,162786400,164277400,0.0004527735,0
WHLR.US,D,20130920,000000,165645200,165645200,158757200,163688000,0.000556515,0
WHLR.US,D,20130923,000000,165057200,166569200,164277400,166569200,0.00066771,0
WHLR.US,D,20130924,000000,166371800,166371800,164483200,165645200,0.0003653845,0
WHLR.US,D,20130925,000000,166371800,166754000,164483200,165645200,0.000225144,0
WHLR.US,D,20130926,000000,165998000,167518400,164865400,165645200,0.0001181315,0
WHLR.US,D,20130927,000000,165998000,169429400,161432600,161432600,0.00039652,0
WHLR.US,D,20130930,000000,164101000,167518400,162198400,162947400,0.000486002,0
WHLR.US,D,20131001,000000,165645200,167518400,163345000,165240600,0.000428048,0
WHLR.US,D,20131002,000000,165645200,165645200,162198400,162947400,0.0001497905,0
WHLR.US,D,20131003,000000,161807800,163688000,161807800,161807800,0.0001050495,0
WHLR.US,D,20131004,000000,166754000,166754000,162198400,162198400,0.000183935,0
WHLR.US,D,20131007,000000,161807800,163688000,161051800,161432600,0.0002100995,0
WHLR.US,D,20131008,000000,162198400,162198400,158376400,159926200,0.0002100995,0
WHLR.US,D,20131009,000000,159926200,159926200,157985800,158757200,0.0004307955,0
WHLR.US,D,20131010,000000,158757200,159926200,158757200,158757200,0.0002363945,0
WHLR.US,D,20131011,000000,157985800,159926200,157985800,157985800,0.000470173,0
WHLR.US,D,20131014,000000,158376400,158376400,158376400,158376400,0.000225929,0
WHLR.US,D,20131015,000000,159139400,159926200,158376400,159926200,0.000302067,0
WHLR.US,D,20131016,000000,159926200,162947400,154585200,159926200,0.000743455,0
WHLR.US,D,20131017,000000,159926200,159926200,156090200,159926200,0.000275641,0
WHLR.US,D,20131018,000000,161432600,161432600,157985800,159926200,0.0004177135,0
WHLR.US,D,20131021,000000,159926200,159926200,157985800,157985800,0.0003991365,0
WHLR.US,D,20131022,000000,169429400,169429400,157985800,157985800,0.00113213,0
WHLR.US,D,20131023,000000,158376400,158757200,156090200,156465400,0.000293171,0
WHLR.US,D,20131024,000000,158757200,161807800,154585200,158757200,0.001696885,0
WHLR.US,D,20131025,000000,161432600,161432600,159139400,159506200,0.00133425,0
WHLR.US,D,20131028,000000,160294400,163345000,159926200,160294400,0.000475275,0
WHLR.US,D,20131029,000000,163566200,164323600,157787000,160484800,0.000187729,0
WHLR.US,D,20131030,000000,160484800,160861400,159713400,160484800,0.000151099,0
WHLR.US,D,20131031,000000,164323600,164697400,159338200,161243600,0.000566065,0
WHLR.US,D,20131101,000000,161243600,164697400,160484800,160484800,0.0001380165,0
WHLR.US,D,20131104,000000,159338200,162022000,159338200,162022000,0.000127551,0
WHLR.US,D,20131105,000000,162388800,162388800,161243600,161243600,0.0000808475,0
WHLR.US,D,20131106,000000,161243600,161631400,159713400,161243600,0.000216248,0
WHLR.US,D,20131107,000000,160080200,160080200,159338200,159713400,0.00034393,0
WHLR.US,D,20131108,000000,159713400,163941400,159713400,160861400,0.0001354,0
WHLR.US,D,20131111,000000,162388800,162388800,159713400,161631400,0.0002005495,0
WHLR.US,D,20131112,000000,160861400,161631400,156657200,156657200,0.000515825,0
WHLR.US,D,20131113,000000,157031000,158935000,154324800,158935000,0.0001431185,0
WHLR.US,D,20131114,000000,158200000,159338200,154324800,154324800,0.00053388,0
WHLR.US,D,20131115,000000,153192200,153192200,143966200,147039200,0.001383045,0
WHLR.US,D,20131118,000000,148202600,157022600,147085400,157022600,0.00122292,0
WHLR.US,D,20131119,000000,156657200,164323600,153575800,164323600,0.001341445,0
WHLR.US,D,20131120,000000,162388800,167785800,161243600,167785800,0.001122445,0
WHLR.US,D,20131121,000000,169299200,169299200,162388800,165844000,0.001461275,0
WHLR.US,D,20131122,000000,163566200,168543200,163160200,167021400,0.00096363,0
WHLR.US,D,20131125,000000,168175000,168925400,161243600,168925400,0.00151596,0
WHLR.US,D,20131126,000000,170270800,170270800,164474800,166012000,0.0002216115,0
WHLR.US,D,20131127,000000,166012000,166012000,165660600,165660600,0.00005416,0
WHLR.US,D,20131129,000000,165660600,165660600,162549800,162549800,0.0000824175,0
WHLR.US,D,20131202,000000,162549800,181896400,162549800,173357800,0.00231515,0
WHLR.US,D,20131203,000000,174168400,174168400,164474800,169505000,0.00078231,0
WHLR.US,D,20131204,000000,168351400,168749000,164873800,168749000,0.00076478,0
WHLR.US,D,20131205,000000,166791800,167953800,165247600,166012000,0.0001836735,0
WHLR.US,D,20131206,000000,166012000,166409600,157887800,161379400,0.001776815,0
WHLR.US,D,20131209,000000,162549800,163314200,159033000,159835200,0.00144113,0
WHLR.US,D,20131210,000000,160606600,170270800,157511200,166791800,0.001617475,0
WHLR.US,D,20131211,000000,164092600,164092600,158681600,161379400,0.000467687,0
WHLR.US,D,20131212,000000,162932000,164873800,159033000,164873800,0.000674515,0
WHLR.US,D,20131213,000000,164474800,169078000,162932000,167190800,0.00075497,0
WHLR.US,D,20131216,000000,169122800,170660000,167578600,167578600,0.000881345,0
WHLR.US,D,20131217,000000,167578600,175704200,166409600,169505000,0.001501175,0
WHLR.US,D,20131218,000000,170270800,172617200,169887200,170270800,0.00031528,0
WHLR.US,D,20131219,000000,171049200,174168400,167190800,167578600,0.00074686,0
WHLR.US,D,20131220,000000,169122800,169122800,166791800,166791800,0.0003397435,0
WHLR.US,D,20131223,000000,168351400,168351400,165912600,167578600,0.00155272,0
WHLR.US,D,20131224,000000,167578600,171446800,165247600,165278400,0.00062925,0
WHLR.US,D,20131226,000000,174168400,174168400,164483200,167190800,0.001036365,0
WHLR.US,D,20131227,000000,166616800,172072600,163100000,163100000,0.001578755,0
WHLR.US,D,20131230,000000,162687000,167785800,162687000,166616800,0.000456175,0
WHLR.US,D,20131231,000000,165424000,169321600,163886800,166999000,0.000428048,0
WHLR.US,D,20140102,000000,166999000,175567000,166180000,173633600,0.000816065,0
WHLR.US,D,20140103,000000,174022800,177142000,169719200,170888200,0.001059655,0
WHLR.US,D,20140106,000000,170888200,179473000,170888200,175191800,0.00095094,0
WHLR.US,D,20140107,000000,174398000,175184800,172096400,173602800,0.000758765,0
WHLR.US,D,20140108,000000,175567000,175567000,171661000,172463200,0.000329801,0
WHLR.US,D,20140109,000000,172463200,174787200,171661000,174022800,0.000306384,0
WHLR.US,D,20140110,000000,172463200,174022800,169719200,170116800,0.000651095,0
WHLR.US,D,20140113,000000,171294200,174787200,171294200,173633600,0.0003588435,0
WHLR.US,D,20140114,000000,174398000,180245800,172072600,179090800,0.000784405,0
WHLR.US,D,20140115,000000,177142000,189631400,177142000,177142000,0.00275013,0
WHLR.US,D,20140116,000000,182201600,182201600,175567000,179473000,0.000671505,0
WHLR.US,D,20140117,000000,179037600,181804000,175597800,177921800,0.00078035,0
WHLR.US,D,20140121,000000,180650400,185336200,177531200,178304000,0.000848375,0
WHLR.US,D,20140122,000000,182988400,182988400,177531200,177531200,0.00099712,0
WHLR.US,D,20140123,000000,175964600,179473000,173633600,179473000,0.000507455,0
WHLR.US,D,20140124,000000,175567000,179473000,174787200,179473000,0.0003766355,0
WHLR.US,D,20140127,000000,178686200,180245800,175964600,179090800,0.00110727,0
WHLR.US,D,20140128,000000,180245800,181041000,176744400,179090800,0.000699765,0
WHLR.US,D,20140129,000000,180474000,180857600,179289600,179680200,0.0003330715,0
WHLR.US,D,20140130,000000,180069400,180069400,171033800,174192200,0.00158974,0
WHLR.US,D,20140131,000000,175352800,177700600,174955200,176919400,0.00045539,0
WHLR.US,D,20140203,000000,173373200,174528200,171033800,174490400,0.000208268,0
WHLR.US,D,20140204,000000,175743400,176141000,173005000,174955200,0.0002314235,0
WHLR.US,D,20140205,000000,176141000,176141000,173005000,174955200,0.0000104657,0
WHLR.US,D,20140206,000000,171813600,174955200,169061200,171033800,0.00115646,0
WHLR.US,D,20140207,000000,169849400,171033800,165523400,165523400,0.000803765,0
WHLR.US,D,20140210,000000,166692400,172608800,166692400,169451800,0.000414966,0
WHLR.US,D,20140211,000000,168679000,171033800,168274400,168679000,0.000282313,0
WHLR.US,D,20140212,000000,168679000,171073000,167480600,171033800,0.000434982,0
WHLR.US,D,20140213,000000,169849400,170262400,168992600,169061200,0.000518315,0
WHLR.US,D,20140214,000000,167098400,172608800,165523400,169849400,0.00053885,0
WHLR.US,D,20140218,000000,168274400,170629200,167098400,170629200,0.000400968,0
WHLR.US,D,20140219,000000,169061200,171033800,169061200,170231600,0.000246468,0
WHLR.US,D,20140220,000000,169871800,171033800,169061200,169566600,0.000754445,0
WHLR.US,D,20140221,000000,169061200,169374800,169061200,169374800,0.0000412088,0
WHLR.US,D,20140224,000000,171033800,171033800,169849400,169849400,0.000115123,0
WHLR.US,D,20140225,000000,174192200,176537200,169451800,173427800,0.00055743,0
WHLR.US,D,20140226,000000,172394600,175553000,170408000,174650000,0.0003690475,0
WHLR.US,D,20140227,000000,171210200,173198200,164071600,168427000,0.00074071,0
WHLR.US,D,20140228,000000,170017400,178334800,168030800,177944200,0.000536105,0
WHLR.US,D,20140303,000000,173198200,177944200,169619800,173985000,0.000525115,0
WHLR.US,D,20140304,000000,173594400,173633600,170017400,170017400,0.0003008895,0
WHLR.US,D,20140305,000000,170408000,173633600,169619800,172394600,0.000397305,0
WHLR.US,D,20140306,000000,173594400,176355200,172394600,172394600,0.000452381,0
WHLR.US,D,20140307,000000,171600800,172394600,166838000,168030800,0.0004360285,0
WHLR.US,D,20140310,000000,168030800,169895600,166447400,166447400,0.000523805,0
WHLR.US,D,20140311,000000,169619800,171997000,166447400,168030800,0.00079827,0
WHLR.US,D,20140312,000000,169223600,176355200,168824600,173985000,0.000235871,0
WHLR.US,D,20140313,000000,170408000,172769800,168435400,172394600,0.0002012035,0
WHLR.US,D,20140314,000000,173587400,175032200,169619800,170017400,0.0001909995,0
WHLR.US,D,20140317,000000,174367200,174367200,169619800,169619800,0.000661825,0
WHLR.US,D,20140318,000000,170408000,173985000,168824600,168824600,0.000478022,0
WHLR.US,D,20140319,000000,169619800,171997000,168435400,168435400,0.000195709,0
WHLR.US,D,20140320,000000,173594400,173594400,168435400,171997000,0.000268446,0
WHLR.US,D,20140321,000000,173236000,179932200,171600800,179932200,0.00217504,0
WHLR.US,D,20140324,000000,179932200,181911800,174780200,174780200,0.000798535,0
WHLR.US,D,20140325,000000,178295600,181116600,176667400,180689600,0.000876505,0
WHLR.US,D,20140326,000000,183096200,183096200,177555000,180689600,0.000956305,0
WHLR.US,D,20140327,000000,179711000,181308400,178931200,181308400,0.000126635,0
WHLR.US,D,20140328,000000,183303400,183303400,178784200,181300000,0.0001937465,0
WHLR.US,D,20140331,000000,182905800,183303400,179711000,183303400,0.000521455,0
WHLR.US,D,20140401,000000,183303400,185313800,183020600,184916200,0.0004309265,0
WHLR.US,D,20140402,000000,185696000,193691400,185696000,193309200,0.0003876245,0
WHLR.US,D,20140403,000000,193309200,193309200,185696000,190503600,0.0003330715,0
WHLR.US,D,20140404,000000,191711800,195288800,189700000,191291800,0.000610805,0
WHLR.US,D,20140407,000000,193309200,194709200,191711800,194096000,0.000174516,0
WHLR.US,D,20140408,000000,194096000,202871200,191291800,195288800,0.00100026,0
WHLR.US,D,20140409,000000,197696800,200396000,185696000,189700000,0.00061041,0
WHLR.US,D,20140410,000000,186138400,199186400,186138400,189296800,0.0001096285,0
WHLR.US,D,20140411,000000,192873800,192873800,188119400,188119400,0.000375458,0
WHLR.US,D,20140414,000000,186116000,186116000,182110600,183715000,0.001248165,0
WHLR.US,D,20140415,000000,182110600,183303400,174932800,175721000,0.00070905,0
WHLR.US,D,20140416,000000,180926200,181713000,173733000,177707600,0.00050379,0
WHLR.US,D,20140417,000000,177707600,178526600,173733000,176124200,0.00064717,0
WHLR.US,D,20140421,000000,177707600,178112200,173733000,178112200,0.000371141,0
WHLR.US,D,20140422,000000,178526600,178526600,176124200,178112200,0.00103362,0
WHLR.US,D,20140423,000000,178526600,178526600,177317000,177317000,0.0002371795,0
WHLR.US,D,20140424,000000,178900400,179711000,176537200,177317000,0.00068328,0
WHLR.US,D,20140425,000000,179711000,180513200,179320400,179711000,0.00209105,0
WHLR.US,D,20140428,000000,181536600,184335200,181536600,183937600,0.00103218,0
WHLR.US,D,20140429,000000,184746800,191199400,182736400,187965400,0.00133595,0
WHLR.US,D,20140430,000000,188767600,195197800,187920600,190786400,0.000855965,0
WHLR.US,D,20140501,000000,191199400,194005000,187187000,191199400,0.0003580585,0
WHLR.US,D,20140502,000000,194409600,199248000,192796800,193600400,0.000737045,0
WHLR.US,D,20140505,000000,204048600,204048600,196067200,196802200,0.00109262,0
WHLR.US,D,20140506,000000,200050200,200845400,195204800,195626200,0.000628855,0
WHLR.US,D,20140507,000000,195626200,196029400,195204800,195204800,0.0001755625,0
WHLR.US,D,20140508,000000,193202800,196029400,193202800,195626200,0.000087912,0
WHLR.US,D,20140509,000000,193600400,194409600,188379800,192836000,0.001364465,0
WHLR.US,D,20140512,000000,188776000,190388800,185939600,188371400,0.000306384,0
WHLR.US,D,20140513,000000,191605400,191993200,187163200,189578200,0.0003294085,0
WHLR.US,D,20140514,000000,187569200,190855000,187569200,190786400,0.000186028,0
WHLR.US,D,20140515,000000,189403200,191161600,188371400,189578200,0.00020068,0
WHLR.US,D,20140516,000000,189578200,192766000,189578200,190717800,0.000164312,0
WHLR.US,D,20140519,000000,192323600,192323600,190388800,190954400,0.00030416,0
WHLR.US,D,20140520,000000,191605400,193202800,189578200,189578200,0.0003354265,0
WHLR.US,D,20140521,000000,186764200,188776000,176706600,177517200,0.00117216,0
WHLR.US,D,20140522,000000,177517200,183547000,177517200,181123600,0.000227368,0
WHLR.US,D,20140523,000000,182316400,191489200,181123600,185152800,0.0001777865,0
WHLR.US,D,20140527,000000,192796800,192796800,185152800,187163200,0.0003992675,0
WHLR.US,D,20140528,000000,196695800,196695800,186597600,188983200,0.0003333335,0
WHLR.US,D,20140529,000000,186162200,190626800,184930200,186544400,0.000374019,0
WHLR.US,D,20140530,000000,186544400,187369000,186544400,186940600,0.0000977235,0
WHLR.US,D,20140602,000000,186544400,189394800,184541000,186544400,0.000320251,0
WHLR.US,D,20140603,000000,185444000,190418200,185444000,186544400,0.0002523545,0
WHLR.US,D,20140604,000000,186544400,187973800,186544400,186544400,0.000053244,0
WHLR.US,D,20140605,000000,190205400,192598000,188592600,188592600,0.0000405547,0
WHLR.US,D,20140606,000000,188983200,194272400,186940600,192635800,0.0003237835,0
WHLR.US,D,20140609,000000,192635800,196695800,188172600,188592600,0.000805465,0
WHLR.US,D,20140610,000000,188592600,191031400,182499800,184541000,0.00064364,0
WHLR.US,D,20140611,000000,190626800,191413600,184541000,185343200,0.000127289,0
WHLR.US,D,20140612,000000,188172600,188172600,185351600,186940600,0.00017203,0
WHLR.US,D,20140613,000000,183303400,188592600,180482400,184541000,0.0004754055,0
WHLR.US,D,20140616,000000,182499800,187775000,182102200,187369000,0.000204605,0
WHLR.US,D,20140617,000000,187667200,187667200,182102200,184541000,0.000118786,0
WHLR.US,D,20140618,000000,182499800,192231200,182102200,192231200,0.000478938,0
WHLR.US,D,20140619,000000,194524400,194524400,182499800,186162200,0.000340136,0
WHLR.US,D,20140620,000000,183303400,190626800,183303400,187369000,0.000123757,0
WHLR.US,D,20140623,000000,188087200,196695800,188087200,189394800,0.0001872055,0
WHLR.US,D,20140624,000000,194272400,194272400,184541000,186162200,0.000579275,0
WHLR.US,D,20140625,000000,191818200,194661600,190205400,194272400,0.000656855,0
WHLR.US,D,20140626,000000,195280400,196511000,193247600,195693400,0.000279173,0
WHLR.US,D,20140627,000000,196924000,196924000,192416000,195693400,0.000133176,0
WHLR.US,D,20140630,000000,193240600,196106400,193240600,194469800,0.000253794,0
WHLR.US,D,20140701,000000,196106400,196519400,192827600,193652200,0.000426086,0
WHLR.US,D,20140702,000000,194066600,195280400,192827600,193240600,0.000450288,0
WHLR.US,D,20140703,000000,195280400,196106400,192827600,193652200,0.000124411,0
WHLR.US,D,20140707,000000,196106400,196106400,187920600,188148800,0.000303637,0
WHLR.US,D,20140708,000000,192017000,192017000,187927600,189135800,0.0001601255,0
WHLR.US,D,20140709,000000,188340600,190351000,187920600,188340600,0.000291209,0
WHLR.US,D,20140710,000000,190380400,190794800,187514600,187514600,0.0001571165,0
WHLR.US,D,20140711,000000,191314200,191597000,189149800,191206400,0.00010832,0
WHLR.US,D,20140714,000000,191206400,193652200,189975800,193652200,0.00060688,0
WHLR.US,D,20140715,000000,195693400,195693400,189975800,190351000,0.0003171115,0
WHLR.US,D,20140716,000000,189975800,194875800,188340600,189975800,0.00057234,0
WHLR.US,D,20140717,000000,189975800,193240600,187920600,187920600,0.000973965,0
WHLR.US,D,20140718,000000,189975800,191206400,187920600,189975800,0.000630425,0
WHLR.US,D,20140721,000000,189975800,193240600,188340600,191206400,0.000590135,0
WHLR.US,D,20140722,000000,189975800,192416000,187920600,188897800,0.001405285,0
WHLR.US,D,20140723,000000,189929600,189975800,187920600,189716800,0.000562005,0
WHLR.US,D,20140724,000000,189975800,194066600,186299400,189975800,0.00212611,0
WHLR.US,D,20140725,000000,191619400,194066600,190442000,193652200,0.000623365,0
WHLR.US,D,20140728,000000,196924000,198973600,192827600,198973600,0.001219125,0
WHLR.US,D,20140729,000000,194233200,199561600,192582600,195862800,0.000631345,0
WHLR.US,D,20140730,000000,197108800,200396000,194723200,198759400,0.000930925,0
WHLR.US,D,20140731,000000,199561600,199561600,191741200,193820200,0.0003411825,0
WHLR.US,D,20140801,000000,193400200,198262400,191741200,191741200,0.0002634745,0
WHLR.US,D,20140804,000000,193400200,198759400,190128400,198322600,0.000656985,0
WHLR.US,D,20140805,000000,197520400,201640600,193828600,201640600,0.000767005,0
WHLR.US,D,20140806,000000,198759400,199561600,194233200,198331000,0.000665355,0
WHLR.US,D,20140807,000000,201640600,201640600,190128400,196274400,0.000457614,0
WHLR.US,D,20140808,000000,196274400,204852200,186834200,194639200,0.00102721,0
WHLR.US,D,20140811,000000,202046600,212335200,197520400,203292600,0.000727235,0
WHLR.US,D,20140812,000000,202451200,206991400,199148600,206586800,0.00079461,0
WHLR.US,D,20140813,000000,201640600,209872600,191329600,200816000,0.000455259,0
WHLR.US,D,20140814,000000,199561600,206158400,195862800,202046600,0.000523675,0
WHLR.US,D,20140815,000000,206158400,206158400,197108800,200816000,0.0002693615,0
WHLR.US,D,20140818,000000,198759400,204086400,196274400,203681800,0.0002612505,0
WHLR.US,D,20140819,000000,206158400,211929200,199981600,205340800,0.001136705,0
WHLR.US,D,20140820,000000,206158400,211929200,196695800,200816000,0.00123888,0
WHLR.US,D,20140821,000000,202864200,211929200,198759400,207802000,0.00200837,0
WHLR.US,D,20140822,000000,208635000,209444200,205340800,205738400,0.001065015,0
WHLR.US,D,20140825,000000,209444200,210676200,203681800,209055000,0.001423075,0
WHLR.US,D,20140826,000000,209055000,209055000,205188200,208635000,0.00083948,0
WHLR.US,D,20140827,000000,208842200,210095200,203882000,206357200,0.00068642,0
WHLR.US,D,20140828,000000,205944200,210905800,205944200,210905800,0.0001211405,0
WHLR.US,D,20140829,000000,210095200,211332800,205944200,211332800,0.00071023,0
WHLR.US,D,20140902,000000,211332800,212143400,205111200,209666800,0.000676085,0
WHLR.US,D,20140903,000000,211731800,211731800,207174800,210095200,0.00058974,0
WHLR.US,D,20140904,000000,206357200,210095200,205546600,208413800,0.000284537,0
WHLR.US,D,20140905,000000,209666800,210095200,206754800,207183200,0.0001836735,0
WHLR.US,D,20140908,000000,206754800,207183200,206754800,206754800,0.000278388,0
WHLR.US,D,20140909,000000,207183200,207183200,205111200,205546600,0.000123888,0
WHLR.US,D,20140910,000000,206357200,208665800,198889600,206754800,0.0003766355,0
WHLR.US,D,20140911,000000,205546600,205546600,198889600,203842800,0.0003018055,0
WHLR.US,D,20140912,000000,198889600,200960200,195158600,195158600,0.00062284,0
WHLR.US,D,20140915,000000,196802200,198056600,185214400,185214400,0.00222344,0
WHLR.US,D,20140916,000000,185634400,194324200,185634400,188539400,0.0004857405,0
WHLR.US,D,20140917,000000,191849000,196420000,190618400,193904200,0.0003956045,0
WHLR.US,D,20140918,000000,194745600,199301200,188935600,196007000,0.0003311095,0
WHLR.US,D,20140919,000000,197254400,198476600,188141800,196802200,0.00053872,0
WHLR.US,D,20140922,000000,196802200,198889600,186032000,187285000,0.00199542,0
WHLR.US,D,20140923,000000,186032000,192673600,186032000,190618400,0.000249346,0
WHLR.US,D,20140924,000000,192253600,195587000,186436600,195365800,0.000439037,0
WHLR.US,D,20140925,000000,197650600,197650600,190198400,192673600,0.0002621665,0
WHLR.US,D,20140926,000000,187040000,191650200,187040000,189540400,0.0002897695,0
WHLR.US,D,20140929,000000,191214800,192063200,189142800,189257600,0.0002233125,0
WHLR.US,D,20140930,000000,189975800,190794800,185802400,190380400,0.0003793825,0
WHLR.US,D,20141001,000000,187873000,192054800,185802400,186193000,0.0001834115,0
WHLR.US,D,20141002,000000,185802400,192873800,185802400,190380400,0.000279435,0
WHLR.US,D,20141003,000000,192063200,192467800,191650200,192467800,0.0000941915,0
WHLR.US,D,20141006,000000,193713800,194126800,190962800,192873800,0.0001023025,0
WHLR.US,D,20141007,000000,192063200,194983600,191650200,194983600,0.0001212715,0
WHLR.US,D,20141008,000000,190006600,194509000,188294400,188294400,0.000164181,0
WHLR.US,D,20141009,000000,187406800,189341600,182866600,182866600,0.000366562,0
WHLR.US,D,20141010,000000,185802400,191650200,182026600,182026600,0.00053872,0
WHLR.US,D,20141013,000000,183286600,188287400,183286600,186193000,0.000117347,0
WHLR.US,D,20141014,000000,184947000,191650200,184556400,189142800,0.000571165,0
WHLR.US,D,20141015,000000,191214800,191214800,185168200,189540400,0.000218341,0
WHLR.US,D,20141016,000000,190380400,191650200,189975800,190380400,0.00031528,0
WHLR.US,D,20141017,000000,190380400,190380400,184556400,184556400,0.000255233,0
WHLR.US,D,20141020,000000,184947000,190380400,184947000,187873000,0.0002944795,0
WHLR.US,D,20141021,000000,187873000,187873000,185374000,187178600,0.000245683,0
WHLR.US,D,20141022,000000,187453000,187873000,187040000,187040000,0.0002269755,0
WHLR.US,D,20141023,000000,187873000,190418200,185802400,185802400,0.0002467295,0
WHLR.US,D,20141024,000000,189142800,191650200,188294400,191214800,0.000112114,0
WHLR.US,D,20141027,000000,191650200,192063200,185802400,190380400,0.0003185505,0
WHLR.US,D,20141028,000000,192063200,192063200,187873000,191650200,0.000746595,0
WHLR.US,D,20141029,000000,188890800,192253600,183432200,185122000,0.000537805,0
WHLR.US,D,20141030,000000,185939600,191016000,183853600,185122000,0.000291863,0
WHLR.US,D,20141031,000000,185122000,187644800,182583800,185122000,0.0003882785,0
WHLR.US,D,20141103,000000,184686600,188340600,180061000,182179200,0.001022105,0
WHLR.US,D,20141104,000000,184686600,184686600,180490800,181728400,0.0002730245,0
WHLR.US,D,20141105,000000,183003800,183003800,180910800,182583800,0.0001094975,0
WHLR.US,D,20141106,000000,184686600,184686600,180910800,183003800,0.0001306905,0
WHLR.US,D,20141107,000000,183425200,183509200,181920200,181920200,0.000129644,0
WHLR.US,D,20141110,000000,183003800,183853600,181736800,183853600,0.000321821,0
WHLR.US,D,20141111,000000,183853600,184686600,182882000,183853600,0.000136839,0
WHLR.US,D,20141112,000000,182179200,184686600,181315400,184266600,0.000330717,0
WHLR.US,D,20141113,000000,183003800,183003800,175436800,180910800,0.00050327,0
WHLR.US,D,20141114,000000,180910800,185122000,180910800,180910800,0.0002935635,0
WHLR.US,D,20141117,000000,181728400,182996800,166180000,177976400,0.001594585,0
WHLR.US,D,20141118,000000,176698200,178381000,170812600,175436800,0.00054526,0
WHLR.US,D,20141119,000000,175023800,178808000,174183800,178381000,0.000574175,0
WHLR.US,D,20141120,000000,178808000,183853600,177531200,181315400,0.000524985,0
WHLR.US,D,20141121,000000,180902400,183432200,179006800,180490800,0.000501305,0
WHLR.US,D,20141124,000000,181728400,183425200,179221000,179221000,0.0003449765,0
WHLR.US,D,20141125,000000,182408800,186214000,181132000,183257200,0.0003537415,0
WHLR.US,D,20141126,000000,184121000,186657800,184121000,184541000,0.0004043695,0
WHLR.US,D,20141128,000000,186214000,186214000,178586800,184686600,0.000208791,0
WHLR.US,D,20141201,000000,181980400,182408800,173923400,179855200,0.0004182365,0
WHLR.US,D,20141202,000000,178150000,182408800,176041600,179006800,0.000441392,0
WHLR.US,D,20141203,000000,176470000,180252800,176470000,180252800,0.0001145995,0
WHLR.US,D,20141204,000000,178648400,182210000,177310000,179426800,0.0000460492,0
WHLR.US,D,20141205,000000,180252800,183884400,180252800,181567400,0.00006214,0
WHLR.US,D,20141208,000000,178586800,179855200,176041600,179855200,0.0003067765,0
WHLR.US,D,20141209,000000,176881600,181980400,175191800,178150000,0.000180272,0
WHLR.US,D,20141210,000000,179006800,179006800,175604800,176041600,0.0002083985,0
WHLR.US,D,20141211,000000,177730000,178143000,167549200,171378200,0.000896255,0
WHLR.US,D,20141212,000000,171378200,171378200,168833000,170514400,0.0004043695,0
WHLR.US,D,20141215,000000,170958200,173503400,167549200,167549200,0.0004037155,0
WHLR.US,D,20141216,000000,167549200,173923400,167549200,171462200,0.0003062535,0
WHLR.US,D,20141217,000000,173083400,177301600,169736000,177301600,0.0004147045,0
WHLR.US,D,20141218,000000,178586800,178586800,172226600,174336400,0.0000383307,0
WHLR.US,D,20141219,000000,173923400,177310000,173503400,174336400,0.000099686,0
WHLR.US,D,20141222,000000,173503400,180689600,170514400,176470000,0.00057378,0
WHLR.US,D,20141223,000000,174336400,177310000,174336400,176041600,0.0001856355,0
WHLR.US,D,20141224,000000,176881600,176881600,174771800,176881600,0.0002276295,0
WHLR.US,D,20141226,000000,177310000,179426800,175191800,177310000,0.000566065,0
WHLR.US,D,20141229,000000,179656400,179656400,173693800,175805000,0.000318943,0
WHLR.US,D,20141230,000000,176583400,176583400,170254000,172394600,0.00029461,0
WHLR.US,D,20141231,000000,174106800,177095800,168543200,168963200,0.000932625,0
WHLR.US,D,20150102,000000,169398600,177065000,169314600,173251400,0.000198456,0
WHLR.US,D,20150105,000000,175383600,177095800,163406600,168128800,0.001269885,0
WHLR.US,D,20150106,000000,171966200,172800600,165141200,165141200,0.00068812,0
WHLR.US,D,20150107,000000,166829600,169016400,162992200,165545800,0.0001988485,0
WHLR.US,D,20150108,000000,166829600,175805000,166829600,171102400,0.0003508635,0
WHLR.US,D,20150109,000000,171546200,174528200,165974200,165974200,0.000254186,0
WHLR.US,D,20150112,000000,165974200,165974200,158275600,165545800,0.00085845,0
WHLR.US,D,20150113,000000,160424600,162136800,148859200,159980800,0.001340005,0
WHLR.US,D,20150114,000000,156952600,158270000,155730400,155730400,0.0000712975,0
WHLR.US,D,20150115,000000,154407400,158275600,154002800,155670200,0.000290162,0
WHLR.US,D,20150116,000000,154002800,158275600,154002800,154002800,0.0003611985,0
WHLR.US,D,20150120,000000,154407400,154813400,151855200,152283600,0.000504445,0
WHLR.US,D,20150121,000000,153575800,154002800,149294600,150571400,0.00081266,0
WHLR.US,D,20150122,000000,151855200,154002800,150801000,151442200,0.00064534,0
WHLR.US,D,20150123,000000,151855200,152283600,149325400,151008200,0.00066104,0
WHLR.US,D,20150126,000000,149738400,155288000,149738400,150571400,0.000671115,0
WHLR.US,D,20150127,000000,150571400,151855200,149738400,149738400,0.000622445,0
WHLR.US,D,20150128,000000,150808000,155990800,149928800,151664800,0.000849945,0
WHLR.US,D,20150129,000000,151664800,154698600,151244800,152535600,0.000216248,0
WHLR.US,D,20150130,000000,153384000,155509200,148645000,149501800,0.000390633,0
WHLR.US,D,20150202,000000,151244800,151244800,142163000,150808000,0.00064181,0
WHLR.US,D,20150203,000000,154698600,157290000,150203200,157290000,0.0003487705,0
WHLR.US,D,20150204,000000,155555400,156839200,153384000,155555400,0.0001975405,0
WHLR.US,D,20150205,000000,155127000,155555400,153384000,154278600,0.0001614335,0
WHLR.US,D,20150206,000000,155127000,155990800,154278600,154698600,0.0002927785,0
WHLR.US,D,20150209,000000,155555400,155555400,151664800,151664800,0.0003903715,0
WHLR.US,D,20150210,000000,151664800,152964000,146902000,148645000,0.00061486,0
WHLR.US,D,20150211,000000,149928800,151664800,148645000,150808000,0.00004513345,0
WHLR.US,D,20150212,000000,150984400,150984400,146902000,146902000,0.0004020145,0
WHLR.US,D,20150213,000000,146902000,147774200,146045200,147345800,0.00064717,0
WHLR.US,D,20150217,000000,147345800,147774200,146902000,147345800,0.000258634,0
WHLR.US,D,20150218,000000,147774200,148208200,146902000,146902000,0.000343276,0
WHLR.US,D,20150219,000000,147774200,148208200,146902000,147345800,0.0002318155,0
WHLR.US,D,20150220,000000,146902000,153384000,146902000,152964000,0.00074856,0
WHLR.US,D,20150223,000000,152964000,160316800,152964000,155555400,0.00082208,0
WHLR.US,D,20150224,000000,159882800,160736800,151496800,152964000,0.0007394,0
WHLR.US,D,20150225,000000,152756800,163658600,151862200,158849600,0.000607795,0
WHLR.US,D,20150226,000000,153620600,159430600,151442200,151870600,0.0004747515,0
WHLR.US,D,20150227,000000,152307400,154057400,148806000,149265200,0.00057365,0
WHLR.US,D,20150302,000000,149707600,151442200,148806000,148806000,0.0004262165,0
WHLR.US,D,20150303,000000,150549000,150549000,147949200,148806000,0.000442177,0
WHLR.US,D,20150304,000000,150127600,150549000,144012400,144891600,0.000801935,0
WHLR.US,D,20150305,000000,144891600,149707600,144891600,145335400,0.000506275,0
WHLR.US,D,20150306,000000,148806000,148806000,137897900,140963200,0.001553505,0
WHLR.US,D,20150309,000000,140519400,140963200,132233500,133548100,0.00140921,0
WHLR.US,D,20150310,000000,131805100,136589950,130903150,136589950,0.0004126115,0
WHLR.US,D,20150311,000000,135727200,144440800,135298800,142269400,0.0002840135,0
WHLR.US,D,20150312,000000,145770800,145770800,140963200,142269400,0.0001327835,0
WHLR.US,D,20150313,000000,144891600,148377600,143578400,144012400,0.000492674,0
WHLR.US,D,20150316,000000,143578400,145770800,133976500,139654900,0.0003736265,0
WHLR.US,D,20150317,000000,137897900,143150000,135298800,139654900,0.0004674255,0
WHLR.US,D,20150318,000000,136139500,144012400,136139500,143150000,0.0002428045,0
WHLR.US,D,20150319,000000,142269400,142269400,111289150,118275500,0.004903585,0
WHLR.US,D,20150320,000000,118702850,122211600,107375450,114796850,0.0115051,0
WHLR.US,D,20150323,000000,113038800,113038800,101252900,102116350,0.0028803,0
WHLR.US,D,20150324,000000,102116350,110845700,101679550,104294400,0.001450415,0
WHLR.US,D,20150325,000000,103439350,109095000,99058750,102116350,0.00267857,0
WHLR.US,D,20150326,000000,102536350,106480850,99944950,99944950,0.00112428,0
WHLR.US,D,20150327,000000,105540050,105540050,99830500,105112700,0.000417844,0
WHLR.US,D,20150330,000000,106871450,106871450,99830500,102031300,0.0010051,0
WHLR.US,D,20150331,000000,103782700,104676600,99830500,100717750,0.000263867,0
WHLR.US,D,20150401,000000,101596250,102926950,96757850,98485100,0.000525375,0
WHLR.US,D,20150402,000000,102926950,102926950,94563700,94563700,0.00094139,0
WHLR.US,D,20150406,000000,95442550,100717750,95442550,98485100,0.0004409995,0
WHLR.US,D,20150407,000000,96757850,101596250,96757850,97629000,0.001095105,0
WHLR.US,D,20150408,000000,97629000,100717750,96757850,98072450,0.00062781,0
WHLR.US,D,20150409,000000,99417500,100265900,94563700,99165500,0.0005815,0
WHLR.US,D,20150410,000000,104676600,105112700,102031300,104226500,0.001253005,0
WHLR.US,D,20150413,000000,104676600,105540050,101596250,102926950,0.0004298795,0
WHLR.US,D,20150414,000000,103362700,104676600,101146150,101596250,0.00057077,0
WHLR.US,D,20150415,000000,102926950,105540050,102031300,105112700,0.000415882,0
WHLR.US,D,20150416,000000,105983500,107750300,104233150,106419600,0.00079304,0
WHLR.US,D,20150417,000000,105540050,107313500,103782700,106419600,0.000216117,0
WHLR.US,D,20150420,000000,105540050,107750300,105112700,105983500,0.00113213,0
WHLR.US,D,20150421,000000,106419600,107313500,105112700,105112700,0.0007967,0
WHLR.US,D,20150422,000000,106419600,106419600,103362700,104676600,0.0001636575,0
WHLR.US,D,20150423,000000,107313500,107313500,100717750,102926950,0.000177394,0
WHLR.US,D,20150424,000000,102926950,102926950,101146150,102926950,0.0001431185,0
WHLR.US,D,20150427,000000,104676600,105112700,103369700,105112700,0.000117739,0
WHLR.US,D,20150428,000000,101894450,105877100,101894450,104111350,0.000216771,0
WHLR.US,D,20150429,000000,104111350,106779050,102353300,104546400,0.000234694,0
WHLR.US,D,20150430,000000,105425950,105425950,99677900,104111350,0.000539505,0
WHLR.US,D,20150501,000000,101451000,104546400,101007550,102353300,0.0003632915,0
WHLR.US,D,20150504,000000,101451000,105877100,101451000,104982500,0.0001579015,0
WHLR.US,D,20150505,000000,105877100,105877100,101894450,103660900,0.000114992,0
WHLR.US,D,20150506,000000,103660900,104982500,100610300,103660900,0.000273286,0
WHLR.US,D,20150507,000000,104982500,104982500,100594900,103660900,0.00039809,0
WHLR.US,D,20150508,000000,102353300,104111350,101894450,104111350,0.000072344,0
WHLR.US,D,20150511,000000,101894450,104111350,100121350,100571450,0.00089168,0
WHLR.US,D,20150512,000000,101007550,101894450,100571450,101007550,0.000252747,0
WHLR.US,D,20150513,000000,100121350,101894450,99677900,101451000,0.0001445575,0
WHLR.US,D,20150514,000000,100571450,101894450,98790650,99677900,0.001467295,0
WHLR.US,D,20150515,000000,99088850,99983450,97453300,99234100,0.000435374,0
WHLR.US,D,20150518,000000,97453300,99234100,94800650,97453300,0.00221376,0
WHLR.US,D,20150519,000000,97009850,98790650,94800650,97009850,0.000548535,0
WHLR.US,D,20150520,000000,95695250,97453300,95244100,96574100,0.00056214,0
WHLR.US,D,20150521,000000,95244100,98790650,95244100,97912150,0.0002303765,0
WHLR.US,D,20150522,000000,99677900,99677900,97912150,99234100,0.0002370485,0
WHLR.US,D,20150526,000000,98363300,98790650,96574100,98790650,0.0004285715,0
WHLR.US,D,20150527,000000,102681600,102681600,99563450,102681600,0.000698715,0
WHLR.US,D,20150528,000000,100464700,100472400,97339200,100472400,0.000497122,0
WHLR.US,D,20150529,000000,100923550,103147800,100464700,103147800,0.000439037,0
WHLR.US,D,20150601,000000,103147800,103147800,97781950,101367700,0.0003311095,0
WHLR.US,D,20150602,000000,101367700,102253200,99119300,99563450,0.0003924645,0
WHLR.US,D,20150603,000000,101367700,104034700,100923550,104034700,0.000461277,0
WHLR.US,D,20150604,000000,107161250,107161250,100013900,102253200,0.000284406,0
WHLR.US,D,20150605,000000,103591250,103591250,93318050,100923550,0.001442435,0
WHLR.US,D,20150608,000000,102253200,102253200,98683900,101818150,0.000073914,0
WHLR.US,D,20150609,000000,100013900,101818150,98294350,100923550,0.000752355,0
WHLR.US,D,20150610,000000,102253200,102681600,99119300,102681600,0.0004255625,0
WHLR.US,D,20150611,000000,103591250,106282750,102681600,106282750,0.000816715,0
WHLR.US,D,20150612,000000,106725500,106725500,101367700,102681600,0.000795,0
WHLR.US,D,20150615,000000,102681600,104478500,99563450,100923550,0.000284406,0
WHLR.US,D,20150616,000000,97781950,97781950,89320700,92882300,0.004167975,0
WHLR.US,D,20150617,000000,95113900,95113900,91528850,93318050,0.00245696,0
WHLR.US,D,20150618,000000,94655400,94655400,90634250,90634250,0.00206711,0
WHLR.US,D,20150619,000000,94204250,105380450,91528850,96001150,0.002322475,0
WHLR.US,D,20150622,000000,96001150,96001150,91528850,93318050,0.002102825,0
WHLR.US,D,20150623,000000,93318050,95550000,91995050,94655400,0.001991755,0
WHLR.US,D,20150624,000000,96001150,96001150,91995050,92882300,0.00095853,0
WHLR.US,D,20150625,000000,93769200,97781950,92446900,92882300,0.001117475,0
WHLR.US,D,20150626,000000,96374950,96818400,92316700,93211300,0.00086172,0
WHLR.US,D,20150629,000000,92774500,92774500,90505100,90505100,0.00142347,0
WHLR.US,D,20150630,000000,90978650,92843450,89159350,91414750,0.00227407,0
WHLR.US,D,20150701,000000,90505100,90978650,89159350,89602800,0.00150353,0
WHLR.US,D,20150702,000000,90061300,92316700,88715900,92316700,0.00118812,0
WHLR.US,D,20150706,000000,91864850,91864850,87814300,89602800,0.002007585,0
WHLR.US,D,20150707,000000,89159350,90505100,86904650,89602800,0.001325745,0
WHLR.US,D,20150708,000000,88715900,89602800,87814300,88715900,0.00118341,0
WHLR.US,D,20150709,000000,89602800,90061300,86904650,88273150,0.00117896,0
WHLR.US,D,20150710,000000,89159350,93211300,88273150,89159350,0.00301557,0
WHLR.US,D,20150713,000000,90505100,92774500,90061300,92316700,0.001421245,0
WHLR.US,D,20150714,000000,93654050,94487400,91414750,92316700,0.001489925,0
WHLR.US,D,20150715,000000,91864850,92316700,89602800,90061300,0.00094309,0
WHLR.US,D,20150716,000000,90061300,92774500,89602800,90061300,0.00130586,0
WHLR.US,D,20150717,000000,90505100,90978650,89602800,90978650,0.000650575,0
WHLR.US,D,20150720,000000,91414750,91864850,89602800,90061300,0.00098155,0
WHLR.US,D,20150721,000000,91414750,92316700,90505100,90978650,0.00091928,0
WHLR.US,D,20150722,000000,90978650,90978650,89602800,90505100,0.000468472,0
WHLR.US,D,20150723,000000,90978650,91864850,90061300,90978650,0.00187415,0
WHLR.US,D,20150724,000000,90061300,90061300,84650300,89159350,0.0053851,0
WHLR.US,D,20150727,000000,86461200,89159350,85567300,86904650,0.00321991,0
WHLR.US,D,20150728,000000,89602800,89602800,86904650,88715900,0.001270145,0
WHLR.US,D,20150729,000000,87684100,89962250,87684100,88586400,0.0002972265,0
WHLR.US,D,20150730,000000,88586400,88586400,85414700,87233300,0.00153401,0
WHLR.US,D,20150731,000000,87233300,88135250,86767100,86767100,0.000506145,0
WHLR.US,D,20150803,000000,84970900,86767100,84970900,86767100,0.00054631,0
WHLR.US,D,20150804,000000,86767100,88586400,85857100,88135250,0.01206345,0
WHLR.US,D,20150805,000000,88135250,88135250,86315950,87233300,0.00101452,0
WHLR.US,D,20150806,000000,87233300,88135250,86767100,87233300,0.00118995,0
WHLR.US,D,20150807,000000,87684100,87684100,85414700,86315950,0.000935505,0
WHLR.US,D,20150810,000000,85857100,87233300,85857100,86767100,0.000774855,0
WHLR.US,D,20150811,000000,86767100,87233300,84060550,86767100,0.002459315,0
WHLR.US,D,20150812,000000,88135250,88135250,84060550,87684100,0.000479723,0
WHLR.US,D,20150813,000000,88135250,89962250,86315950,89052600,0.00155612,0
WHLR.US,D,20150814,000000,88586400,89962250,86315950,88135250,0.0002091835,0
WHLR.US,D,20150817,000000,88586400,88586400,87233300,87233300,0.000776945,0
WHLR.US,D,20150818,000000,87233300,88135250,85857100,85857100,0.00062951,0
WHLR.US,D,20150819,000000,85857100,86315950,84519050,85857100,0.001945575,0
WHLR.US,D,20150820,000000,86315950,87684100,84060550,85414700,0.001749735,0
WHLR.US,D,20150821,000000,82700450,86315950,82700450,85857100,0.00136015,0
WHLR.US,D,20150824,000000,85414700,86767100,76325550,85857100,0.00109877,0
WHLR.US,D,20150825,000000,85857100,87233300,84970900,86315950,0.00088265,0
WHLR.US,D,20150826,000000,87233300,87233300,84060550,87233300,0.000689035,0
WHLR.US,D,20150827,000000,87126550,88028500,86209200,88028500,0.00172292,0
WHLR.US,D,20150828,000000,87126550,87585050,86209200,87585050,0.00072606,0
WHLR.US,D,20150831,000000,87126550,88937450,85299550,88487350,0.00091588,0
WHLR.US,D,20150901,000000,87585050,88487350,86659300,88028500,0.000442831,0
WHLR.US,D,20150902,000000,88028500,88028500,85742300,87126550,0.000918235,0
WHLR.US,D,20150903,000000,86209200,88028500,85742300,86659300,0.00054317,0
WHLR.US,D,20150904,000000,85742300,87126550,85742300,86659300,0.0000786235,0
WHLR.US,D,20150908,000000,86659300,87585050,85742300,86659300,0.001539505,0
WHLR.US,D,20150909,000000,88028500,88028500,85742300,87126550,0.001986915,0
WHLR.US,D,20150910,000000,87126550,87585050,85742300,87126550,0.0045416,0
WHLR.US,D,20150911,000000,88028500,88028500,84818300,87126550,0.00231829,0
WHLR.US,D,20150914,000000,86209200,87126550,85742300,87126550,0.000811225,0
WHLR.US,D,20150915,000000,87126550,87126550,85742300,86209200,0.000438514,0
WHLR.US,D,20150916,000000,87126550,87126550,86209200,86659300,0.00289181,0
WHLR.US,D,20150917,000000,87585050,87585050,79780400,81164300,0.003492675,0
WHLR.US,D,20150918,000000,81164300,88487350,81164300,88028500,0.01533815,0
WHLR.US,D,20150921,000000,87126550,89411350,86659300,88028500,0.0055285,0
WHLR.US,D,20150922,000000,85299550,87585050,85299550,86209200,0.00109707,0
WHLR.US,D,20150923,000000,87126550,88487350,85299550,88487350,0.002074045,0
WHLR.US,D,20150924,000000,88319350,89411350,85963850,85963850,0.00127708,0
WHLR.US,D,20150925,000000,89411350,89869850,84818300,84818300,0.00457117,0
WHLR.US,D,20150928,000000,87951500,87951500,85406300,87019100,0.000553505,0
WHLR.US,D,20150929,000000,87951500,88410700,85169350,87951500,0.000790555,0
WHLR.US,D,20150930,000000,87492650,87951500,82868450,87951500,0.00098312,0
WHLR.US,D,20151001,000000,87951500,89342400,87019100,87951500,0.000937465,0
WHLR.US,D,20151002,000000,87951500,90726650,86094050,90726650,0.004314235,0
WHLR.US,D,20151005,000000,90726650,90726650,89342400,90259750,0.00336107,0
WHLR.US,D,20151006,000000,90259750,90259750,88876900,90259750,0.000604785,0
WHLR.US,D,20151007,000000,89809300,92568700,87019100,91192850,0.002473575,0
WHLR.US,D,20151008,000000,91192850,91635600,90259750,91192850,0.002058605,0
WHLR.US,D,20151009,000000,91192850,93042600,90726650,92568700,0.001099555,0
WHLR.US,D,20151012,000000,92568700,93508800,91635600,93508800,0.00100065,0
WHLR.US,D,20151013,000000,91635600,93975700,91635600,92117900,0.000985085,0
WHLR.US,D,20151014,000000,92568700,92568700,91192850,92568700,0.000501175,0
WHLR.US,D,20151015,000000,92568700,93975700,91635600,93975700,0.001276685,0
WHLR.US,D,20151016,000000,93975700,93975700,92117900,92568700,0.001034795,0
WHLR.US,D,20151019,000000,91192850,92117900,91192850,91635600,0.000246206,0
WHLR.US,D,20151020,000000,91192850,92568700,90259750,92117900,0.000518705,0
WHLR.US,D,20151021,000000,92568700,92568700,91635600,92117900,0.000166274,0
WHLR.US,D,20151022,000000,92568700,92568700,91635600,91635600,0.00091588,0
WHLR.US,D,20151023,000000,92117900,92117900,90726650,91635600,0.00138043,0
WHLR.US,D,20151026,000000,92117900,92568700,90259750,92568700,0.001088955,0
WHLR.US,D,20151027,000000,92568700,92568700,90259750,90726650,0.00105416,0
WHLR.US,D,20151028,000000,93424800,93424800,91086100,91086100,0.000784535,0
WHLR.US,D,20151029,000000,90611500,92018500,90145300,92018500,0.000588695,0
WHLR.US,D,20151030,000000,92950900,92950900,90145300,91086100,0.0004005755,0
WHLR.US,D,20151102,000000,92950900,92950900,90611500,92477350,0.000793695,0
WHLR.US,D,20151103,000000,91544950,92477350,91544950,92018500,0.000188514,0
WHLR.US,D,20151104,000000,90145300,92950900,90145300,90611500,0.000813445,0
WHLR.US,D,20151105,000000,92018500,92018500,90611500,91086100,0.0003551805,0
WHLR.US,D,20151106,000000,92950900,92950900,90145300,90611500,0.000599555,0
WHLR.US,D,20151109,000000,92018500,92018500,88273150,88273150,0.001137885,0
WHLR.US,D,20151110,000000,92950900,92950900,87814300,87814300,0.00061643,0
WHLR.US,D,20151111,000000,89212900,90145300,86866150,87332350,0.000625065,0
WHLR.US,D,20151112,000000,87332350,87332350,85933750,86866150,0.000520275,0
WHLR.US,D,20151113,000000,85483300,88273150,85483300,87814300,0.0003617215,0
WHLR.US,D,20151116,000000,87814300,87814300,86400650,87814300,0.0000706435,0
WHLR.US,D,20151117,000000,86866150,87332350,85483300,85933750,0.0003403975,0
WHLR.US,D,20151118,000000,86866150,86866150,84068950,85483300,0.0006978,0
WHLR.US,D,20151119,000000,84068950,87332350,81736900,87332350,0.0002460755,0
WHLR.US,D,20151120,000000,87814300,87814300,84550200,84550200,0.000134746,0
WHLR.US,D,20151123,000000,84068950,88273150,84068950,88273150,0.000458137,0
WHLR.US,D,20151124,000000,87332350,87332350,84550200,86400650,0.00064665,0
WHLR.US,D,20151125,000000,87233300,87699500,85834700,86284800,0.00061499,0
WHLR.US,D,20151127,000000,87699500,87699500,87699500,87699500,0.00000418629,0
WHLR.US,D,20151130,000000,89113850,89580050,86284800,87699500,0.00073796,0
WHLR.US,D,20151201,000000,87699500,87699500,85834700,86284800,0.000119309,0
WHLR.US,D,20151202,000000,87691800,91949900,84404950,88173050,0.00190162,0
WHLR.US,D,20151203,000000,87699500,89113850,86284800,87233300,0.00240005,0
WHLR.US,D,20151204,000000,87233300,90061300,86284800,88173050,0.00237729,0
WHLR.US,D,20151207,000000,91009100,92889650,86751700,86751700,0.00203166,0
WHLR.US,D,20151208,000000,86751700,87233300,80636500,83472550,0.002935245,0
WHLR.US,D,20151209,000000,81095350,84878500,81095350,84412300,0.000540685,0
WHLR.US,D,20151210,000000,86284800,86284800,82509700,84878500,0.00099686,0
WHLR.US,D,20151211,000000,84878500,85834700,82509700,82509700,0.000606485,0
WHLR.US,D,20151214,000000,83006350,83334650,77800450,78748250,0.001150445,0
WHLR.US,D,20151215,000000,80170300,82027750,75453700,81095350,0.00322776,0
WHLR.US,D,20151216,000000,78748250,85834700,78748250,80636500,0.000475013,0
WHLR.US,D,20151217,000000,80170300,88646950,78748250,81095350,0.000827185,0
WHLR.US,D,20151218,000000,83938750,89580050,81561550,84878500,0.00187899,0
WHLR.US,D,20151221,000000,84878500,84878500,79696400,82509700,0.001200415,0
WHLR.US,D,20151222,000000,81095350,82509700,78748250,81095350,0.000913,0
WHLR.US,D,20151223,000000,80170300,84878500,80170300,84878500,0.00069139,0
WHLR.US,D,20151224,000000,82509700,85352400,82509700,85352400,0.0004008375,0
WHLR.US,D,20151228,000000,87233300,88173050,85115450,87233300,0.000663,0
WHLR.US,D,20151229,000000,88066300,89962250,86147950,89962250,0.000620485,0
WHLR.US,D,20151230,000000,88066300,90925100,87592750,90443500,0.000719255,0
WHLR.US,D,20151231,000000,89014100,91873250,89014100,91873250,0.001041075,0
WHLR.US,D,20160104,000000,91864850,91873250,89014100,89014100,0.0001938775,0
WHLR.US,D,20160105,000000,89962250,91032550,86636900,86789500,0.00051609,0
WHLR.US,D,20160106,000000,88242700,89014100,86636900,89014100,0.000197017,0
WHLR.US,D,20160107,000000,87592750,87592750,85681750,85681750,0.04389285,0
WHLR.US,D,20160108,000000,87118150,87118150,79979550,86636900,0.00075863,0
WHLR.US,D,20160111,000000,84734300,84734300,79497600,81882500,0.000743065,0
WHLR.US,D,20160112,000000,84734300,84734300,78549800,82830300,0.001088435,0
WHLR.US,D,20160113,000000,84734300,89389300,68553800,72366700,0.00453323,0
WHLR.US,D,20160114,000000,71395100,74070500,71395100,71892100,0.00120225,0
WHLR.US,D,20160115,000000,72366700,75209400,69029100,72847250,0.00217687,0
WHLR.US,D,20160119,000000,71892100,72847250,69029100,70454300,0.002426345,0
WHLR.US,D,20160120,000000,69497050,72122050,63326900,69029100,0.00357287,0
WHLR.US,D,20160121,000000,68553800,70913500,66653300,69497050,0.002479855,0
WHLR.US,D,20160122,000000,69973400,70913500,67119850,67609150,0.001053245,0
WHLR.US,D,20160125,000000,69497050,70913500,68553800,69973400,0.00208909,0
WHLR.US,D,20160126,000000,71395100,72847250,67119850,71892100,0.00132849,0
WHLR.US,D,20160127,000000,73206700,73206700,70318500,72003750,0.000945185,0
WHLR.US,D,20160128,000000,70438900,71284150,68381600,69115900,0.001534795,0
WHLR.US,D,20160129,000000,69836550,72725100,66464650,70318500,0.000483909,0
WHLR.US,D,20160201,000000,70809550,72233350,70750750,72233350,0.0004565675,0
WHLR.US,D,20160202,000000,72725100,75125050,71284150,73206700,0.00053061,0
WHLR.US,D,20160203,000000,72725100,77066500,67420150,71284150,0.00247292,0
WHLR.US,D,20160204,000000,71284150,71521100,69345500,69836550,0.0003560965,0
WHLR.US,D,20160205,000000,70318500,70809550,66952900,66952900,0.000636315,0
WHLR.US,D,20160208,000000,66952900,68109650,65019850,65504600,0.001249085,0
WHLR.US,D,20160209,000000,65509850,66347050,57790250,60201050,0.002346155,0
WHLR.US,D,20160210,000000,62128850,64050700,59232600,59232600,0.000861065,0
WHLR.US,D,20160211,000000,57790250,58274300,57316350,57790250,0.000994635,0
WHLR.US,D,20160212,000000,58274300,60401600,57316350,57790250,0.00105089,0
WHLR.US,D,20160216,000000,57790250,57790250,54910800,56351400,0.0114284,0
WHLR.US,D,20160217,000000,58274300,61026700,56876050,59232600,0.002654105,0
WHLR.US,D,20160218,000000,59716300,59716300,56830900,56830900,0.00145212,0
WHLR.US,D,20160219,000000,56830900,58274300,54910800,54910800,0.003134875,0
WHLR.US,D,20160222,000000,53935350,56351400,52971100,55394500,0.00254121,0
WHLR.US,D,20160223,000000,55868400,59716300,55136900,57790250,0.01764715,0
WHLR.US,D,20160224,000000,59716300,60201050,53935350,57316350,0.00197776,0
WHLR.US,D,20160225,000000,56207900,58163350,53778550,55728750,0.00133647,0
WHLR.US,D,20160226,000000,56207900,58647050,56207900,58163350,0.000803635,0
WHLR.US,D,20160229,000000,58647050,59137750,57678600,58163350,0.00118014,0
WHLR.US,D,20160301,000000,58647050,60128600,57678600,57678600,0.001013865,0
WHLR.US,D,20160302,000000,58163350,60620000,57678600,57678600,0.00089704,0
WHLR.US,D,20160303,000000,58163350,63543200,58163350,59633350,0.001871925,0
WHLR.US,D,20160304,000000,60128600,64518300,60128600,64033900,0.00108019,0
WHLR.US,D,20160307,000000,64518300,67455500,64518300,65504600,0.001172685,0
WHLR.US,D,20160308,000000,65504600,67455500,64808100,65009350,0.002359365,0
WHLR.US,D,20160309,000000,67943050,69900600,65504600,65988300,0.00306175,0
WHLR.US,D,20160310,000000,65988300,65988300,64033900,65988300,0.001569595,0
WHLR.US,D,20160311,000000,65988300,69900600,65988300,68424300,0.001316715,0
WHLR.US,D,20160314,000000,68921300,68921300,65504600,67455500,0.001208395,0
WHLR.US,D,20160315,000000,68424300,70390250,66472350,69900600,0.00094427,0
WHLR.US,D,20160316,000000,70883400,75262950,65988300,70390250,0.002966115,0
WHLR.US,D,20160317,000000,70382900,70382900,63052850,64518300,0.00260557,0
WHLR.US,D,20160318,000000,65009350,68921300,53778550,59137750,0.093644,0
WHLR.US,D,20160321,000000,60128600,60620000,57433250,59633350,0.0053345,0
WHLR.US,D,20160322,000000,60128600,60959500,58647050,59633350,0.00458765,0
WHLR.US,D,20160323,000000,59137750,59137750,56207900,56207900,0.002324045,0
WHLR.US,D,20160324,000000,56703850,58647050,56207900,58163350,0.00574055,0
WHLR.US,D,20160328,000000,59137750,59137750,57210650,57922900,0.002973835,0
WHLR.US,D,20160329,000000,58546950,60034450,57048600,58546950,0.003369835,0
WHLR.US,D,20160330,000000,59042550,59537450,57048600,59537450,0.001728415,0
WHLR.US,D,20160331,000000,59537450,62017200,59154550,62017200,0.002628335,0
WHLR.US,D,20160401,000000,61527550,62017200,59537450,60034450,0.00154801,0
WHLR.US,D,20160404,000000,62290200,62290200,60040750,61037550,0.000582675,0
WHLR.US,D,20160405,000000,61527550,61527550,60034450,61037550,0.00178872,0
WHLR.US,D,20160406,000000,61527550,63014700,61037550,61037550,0.002583595,0
WHLR.US,D,20160407,000000,60536000,61771850,60536000,61037550,0.00132064,0
WHLR.US,D,20160408,000000,61527550,61527550,59537450,60536000,0.00169767,0
WHLR.US,D,20160411,000000,59537450,62513500,59537450,61527550,0.00297645,0
WHLR.US,D,20160412,000000,61527550,62017200,61037550,61037550,0.000637885,0
WHLR.US,D,20160413,000000,62017200,65982700,61527550,63994350,0.00721545,0
WHLR.US,D,20160414,000000,64996750,66479000,64495900,65236850,0.002413265,0
WHLR.US,D,20160415,000000,65982700,69087200,65737700,65982700,0.00538645,0
WHLR.US,D,20160418,000000,66973900,67476150,63994350,65982700,0.00460623,0
WHLR.US,D,20160419,000000,66479000,69951000,65982700,66973900,0.00338658,0
WHLR.US,D,20160420,000000,67476150,69454350,66981250,69454350,0.00317674,0
WHLR.US,D,20160421,000000,69951000,69951000,67476150,67971050,0.003147695,0
WHLR.US,D,20160422,000000,68964000,70304500,67971050,68467350,0.002169415,0
WHLR.US,D,20160425,000000,68467350,69454350,68467350,68964000,0.002115515,0
WHLR.US,D,20160426,000000,69454350,72923900,69454350,71439900,0.00335649,0
WHLR.US,D,20160427,000000,72321900,72321900,70311150,71647100,0.001611195,0
WHLR.US,D,20160428,000000,70824600,72824500,70311150,71817550,0.00175196,0
WHLR.US,D,20160429,000000,72824500,72824500,70311150,70824600,0.00219898,0
WHLR.US,D,20160502,000000,72824500,75828550,71959300,75828550,0.00522825,0
WHLR.US,D,20160503,000000,75828550,80361050,74827200,77838600,0.0109954,0
WHLR.US,D,20160504,000000,70824600,77838600,70824600,74345600,0.003764,0
WHLR.US,D,20160505,000000,76325550,76325550,73076500,74345600,0.00268786,0
WHLR.US,D,20160506,000000,74345600,78848000,74345600,74345600,0.00253231,0
WHLR.US,D,20160509,000000,76829900,78343300,74345600,74345600,0.00277433,0
WHLR.US,D,20160510,000000,74345600,77838600,74345600,75828550,0.00263383,0
WHLR.US,D,20160511,000000,77334250,77838600,74964750,77334250,0.00359511,0
WHLR.US,D,20160512,000000,76325550,77838600,74827200,74827200,0.00323875,0
WHLR.US,D,20160513,000000,75324200,76829900,71328600,75324200,0.001594715,0
WHLR.US,D,20160516,000000,75828550,76325550,74827200,74827200,0.00091889,0
WHLR.US,D,20160517,000000,74827200,75828550,73848600,75324200,0.002155285,0
WHLR.US,D,20160518,000000,75324200,75324200,74345600,74827200,0.00118341,0
WHLR.US,D,20160519,000000,75324200,76600300,73848600,76325550,0.003521845,0
WHLR.US,D,20160520,000000,76829900,76829900,73840900,73840900,0.000972135,0
WHLR.US,D,20160523,000000,75324200,75828550,73848600,75828550,0.000998035,0
WHLR.US,D,20160524,000000,75324200,76325550,75324200,75324200,0.00095709,0
WHLR.US,D,20160525,000000,74827200,77097300,74827200,76829900,0.001765175,0
WHLR.US,D,20160526,000000,77212100,77212100,75690650,77212100,0.000831105,0
WHLR.US,D,20160527,000000,76715100,77724500,76203050,76715100,0.00073574,0
WHLR.US,D,20160531,000000,77212100,77296100,76210750,76715100,0.000792255,0
WHLR.US,D,20160601,000000,78243900,78243900,76203050,77212100,0.000822735,0
WHLR.US,D,20160602,000000,77212100,79252950,76715100,79252950,0.00125798,0
WHLR.US,D,20160603,000000,78748250,78748250,76203050,77724500,0.00146023,0
WHLR.US,D,20160606,000000,78243900,79252950,77724500,78243900,0.001372055,0
WHLR.US,D,20160607,000000,79772700,79772700,78243900,78748250,0.001978545,0
WHLR.US,D,20160608,000000,78748250,79665600,78243900,78243900,0.00399712,0
WHLR.US,D,20160609,000000,78243900,78748250,77724500,78243900,0.000534665,0
WHLR.US,D,20160610,000000,78748250,79772700,77724500,77976500,0.00166287,0
WHLR.US,D,20160613,000000,78748250,79245250,77724500,77724500,0.001332025,0
WHLR.US,D,20160614,000000,78236550,78236550,76203050,76715100,0.00176478,0
WHLR.US,D,20160615,000000,76203050,77724500,75690650,76967450,0.00164377,0
WHLR.US,D,20160616,000000,76203050,77724500,76203050,76715100,0.000758895,0
WHLR.US,D,20160617,000000,76203050,79252950,76203050,77212100,0.002041075,0
WHLR.US,D,20160620,000000,77212100,78740900,76203050,77724500,0.00135387,0
WHLR.US,D,20160621,000000,78748250,79772700,77212100,77724500,0.00206724,0
WHLR.US,D,20160622,000000,77724500,78748250,77212100,77976500,0.00138723,0
WHLR.US,D,20160623,000000,77724500,81294150,77724500,78243900,0.001217425,0
WHLR.US,D,20160624,000000,77724500,78748250,77212100,77212100,0.002669675,0
WHLR.US,D,20160627,000000,79252950,80277050,76715100,77212100,0.002419545,0
WHLR.US,D,20160628,000000,77105000,80759000,77105000,78129100,0.0018697,0
WHLR.US,D,20160629,000000,78129100,79673300,78129100,79153900,0.00231044,0
WHLR.US,D,20160630,000000,79673300,80690050,78649200,79153900,0.00144309,0
WHLR.US,D,20160701,000000,80178000,81202100,79153900,79673300,0.00238985,0
WHLR.US,D,20160705,000000,80690050,81202100,79673300,80178000,0.001294215,0
WHLR.US,D,20160706,000000,79673300,81202100,79673300,79673300,0.000854785,0
WHLR.US,D,20160707,000000,80178000,81202100,79405900,79673300,0.001515045,0
WHLR.US,D,20160708,000000,79673300,81202100,79673300,80690050,0.001537675,0
WHLR.US,D,20160711,000000,81202100,85658300,81202100,82233900,0.00289456,0
WHLR.US,D,20160712,000000,82233900,85322300,82233900,84290500,0.003479725,0
WHLR.US,D,20160713,000000,84802900,85322300,82233900,84802900,0.00418014,0
WHLR.US,D,20160714,000000,84290500,87363500,84290500,85322300,0.003271325,0
WHLR.US,D,20160715,000000,86346050,86346050,84290500,85322300,0.003573655,0
WHLR.US,D,20160718,000000,86346050,87363500,85322300,85842050,0.00298116,0
WHLR.US,D,20160719,000000,86346050,87882550,85842050,86346050,0.0027135,0
WHLR.US,D,20160720,000000,87882550,89947200,86346050,89427100,0.0055713,0
WHLR.US,D,20160721,000000,89947200,92003450,88403350,90458900,0.00499477,0
WHLR.US,D,20160722,000000,92003450,95602850,90458900,93538900,0.00690185,0
WHLR.US,D,20160725,000000,94059700,97147750,93538900,97147750,0.004428965,0
WHLR.US,D,20160726,000000,98179200,100212700,97147750,97660150,0.00795145,0
WHLR.US,D,20160727,000000,98553700,98553700,92851850,95450950,0.00286591,0
WHLR.US,D,20160728,000000,96482400,96482400,91299600,91299600,0.00728295,0
WHLR.US,D,20160729,000000,90268150,91299600,84557900,89228300,0.00510425,0
WHLR.US,D,20160801,000000,89748050,91812000,88188100,89748050,0.002389455,0
WHLR.US,D,20160802,000000,90268150,90268150,89228300,89748050,0.002085035,0
WHLR.US,D,20160803,000000,90268150,90268150,88188100,90268150,0.00303689,0
WHLR.US,D,20160804,000000,90787200,91299600,88708900,88708900,0.002750525,0
WHLR.US,D,20160805,000000,89748050,90268150,88188100,89228300,0.00316745,0
WHLR.US,D,20160808,000000,89748050,89748050,88188100,89228300,0.002862375,0
WHLR.US,D,20160809,000000,89748050,89748050,85605100,86110150,0.003391025,0
WHLR.US,D,20160810,000000,89748050,89748050,87149300,88188100,0.002077055,0
WHLR.US,D,20160811,000000,89748050,89748050,87149300,87660650,0.00143027,0
WHLR.US,D,20160812,000000,88188100,89748050,87149300,89748050,0.00203061,0
WHLR.US,D,20160815,000000,89748050,89748050,88303250,89748050,0.00232967,0
WHLR.US,D,20160816,000000,89748050,89748050,88708900,89748050,0.001424385,0
WHLR.US,D,20160817,000000,89748050,89748050,87149300,89748050,0.00201923,0
WHLR.US,D,20160818,000000,89748050,89748050,88188100,89748050,0.001013735,0
WHLR.US,D,20160819,000000,89748050,89748050,88708900,88708900,0.001164705,0
WHLR.US,D,20160822,000000,88708900,91812000,88708900,91299600,0.0024028,0
WHLR.US,D,20160823,000000,91299600,91812000,90268150,90787200,0.00156698,0
WHLR.US,D,20160824,000000,92339450,93370900,90787200,93370900,0.001010595,0
WHLR.US,D,20160825,000000,93370900,94930850,92339450,94411100,0.001948065,0
WHLR.US,D,20160826,000000,95450950,95970700,92339450,92851850,0.00256567,0
WHLR.US,D,20160829,000000,92721650,93769200,90619200,91666750,0.001570775,0
WHLR.US,D,20160830,000000,92186500,92186500,90619200,91146650,0.000755625,0
WHLR.US,D,20160831,000000,91666750,93249100,91146650,92194200,0.000669935,0
WHLR.US,D,20160901,000000,92721650,93195550,88020100,90894650,0.001983515,0
WHLR.US,D,20160902,000000,91146650,93241750,91146650,91146650,0.000353349,0
WHLR.US,D,20160906,000000,91666750,98477400,91154350,97437550,0.0039758,0
WHLR.US,D,20160907,000000,97965700,97965700,95350850,96918500,0.00197344,0
WHLR.US,D,20160908,000000,95350850,99532300,95136650,99532300,0.00343956,0
WHLR.US,D,20160909,000000,100052400,100052400,93769200,99532300,0.0046371,0
WHLR.US,D,20160912,000000,99532300,99532300,96398400,98477400,0.003293695,0
WHLR.US,D,20160913,000000,99004850,99532300,94296650,96918500,0.00338056,0
WHLR.US,D,20160914,000000,97437550,97437550,93769200,95870950,0.0084483,0
WHLR.US,D,20160915,000000,95870950,95870950,91666750,92721650,0.00582325,0
WHLR.US,D,20160916,000000,93769200,96673850,84343700,84343700,0.0154636,0
WHLR.US,D,20160919,000000,90100150,91666750,89067650,90619200,0.00598205,0
WHLR.US,D,20160920,000000,91146650,93249100,90611500,91666750,0.00163579,0
WHLR.US,D,20160921,000000,89580050,92530900,89067650,90619200,0.002642725,0
WHLR.US,D,20160922,000000,90619200,92194200,90619200,91146650,0.00178388,0
WHLR.US,D,20160923,000000,91666750,91666750,87492650,90100150,0.001622185,0
WHLR.US,D,20160926,000000,90619200,91666750,90619200,91666750,0.001316715,0
WHLR.US,D,20160927,000000,92721650,92721650,90619200,91666750,0.00289364,0
WHLR.US,D,20160928,000000,91017500,92599850,89962250,91544950,0.002588175,0
WHLR.US,D,20160929,000000,91017500,92071700,90481300,91544950,0.001432365,0
WHLR.US,D,20160930,000000,91544950,93134300,90481300,92071700,0.001301805,0
WHLR.US,D,20161003,000000,94189200,94189200,91544950,93134300,0.001814625,0
WHLR.US,D,20161004,000000,95251800,95251800,91009100,92599850,0.00318917,0
WHLR.US,D,20161005,000000,92599850,92599850,88892300,89962250,0.00352682,0
WHLR.US,D,20161006,000000,90481300,91544950,89427100,91544950,0.000666405,0
WHLR.US,D,20161007,000000,92071700,92599850,89427100,91017500,0.00185858,0
WHLR.US,D,20161010,000000,91544950,93134300,90481300,92071700,0.00139822,0
WHLR.US,D,20161011,000000,91544950,91544950,88892300,90481300,0.002177785,0
WHLR.US,D,20161012,000000,90481300,91544950,89427100,91544950,0.000819335,0
WHLR.US,D,20161013,000000,91544950,92071700,89962250,89962250,0.00137258,0
WHLR.US,D,20161014,000000,90481300,91017500,89962250,90481300,0.000988615,0
WHLR.US,D,20161017,000000,91017500,91017500,89962250,91017500,0.00044584,0
WHLR.US,D,20161018,000000,91017500,91017500,90481300,91017500,0.0003434065,0
WHLR.US,D,20161019,000000,91017500,91017500,89962250,89962250,0.000486787,0
WHLR.US,D,20161020,000000,90481300,90481300,88892300,88892300,0.00147828,0
WHLR.US,D,20161021,000000,89962250,91017500,88892300,89480300,0.00206698,0
WHLR.US,D,20161024,000000,89427100,91017500,88892300,90481300,0.002384745,0
WHLR.US,D,20161025,000000,90481300,91544950,89962250,90481300,0.001488615,0
WHLR.US,D,20161026,000000,91544950,92071700,89962250,90481300,0.00218681,0
WHLR.US,D,20161027,000000,90887300,91957250,88746700,89296900,0.002050235,0
WHLR.US,D,20161028,000000,88746700,90887300,88219250,90887300,0.00101949,0
WHLR.US,D,20161031,000000,90887300,92500100,89296900,91422100,0.00139181,0
WHLR.US,D,20161101,000000,90887300,91957250,88746700,88746700,0.001029435,0
WHLR.US,D,20161102,000000,88219250,88693850,82868450,85008700,0.0063969,0
WHLR.US,D,20161103,000000,84473900,86063950,83931050,84473900,0.001627155,0
WHLR.US,D,20161104,000000,84473900,85008700,81263350,81263350,0.001855965,0
WHLR.US,D,20161107,000000,80200750,85008700,80200750,82868450,0.00349228,0
WHLR.US,D,20161108,000000,84473900,85008700,82341000,82341000,0.00168459,0
WHLR.US,D,20161109,000000,80200750,86599100,80200750,85551550,0.00220356,0
WHLR.US,D,20161110,000000,86599100,90031200,85008700,87676750,0.0052726,0
WHLR.US,D,20161111,000000,89824700,91957250,88478950,90359500,0.004059395,0
WHLR.US,D,20161114,000000,91422100,92323700,88219250,90359500,0.002281265,0
WHLR.US,D,20161115,000000,90359500,90887300,88219250,90359500,0.00095395,0
WHLR.US,D,20161116,000000,90359500,90359500,88219250,88746700,0.001214805,0
WHLR.US,D,20161117,000000,89824700,90359500,88219250,88746700,0.001561225,0
WHLR.US,D,20161118,000000,89824700,89824700,88746700,89296900,0.0003413135,0
WHLR.US,D,20161121,000000,89824700,89824700,88219250,88746700,0.00112742,0
WHLR.US,D,20161122,000000,89824700,90359500,88219250,88746700,0.001553245,0
WHLR.US,D,20161123,000000,89824700,89824700,88746700,89824700,0.001477365,0
WHLR.US,D,20161125,000000,90359500,90611500,89824700,90359500,0.001079275,0
WHLR.US,D,20161128,000000,90765500,91827050,90221950,90221950,0.001251305,0
WHLR.US,D,20161129,000000,88594100,91299600,88594100,89128900,0.001740185,0
WHLR.US,D,20161130,000000,90765500,90765500,86972900,88058950,0.00350602,0
WHLR.US,D,20161201,000000,88594100,89679100,86972900,87523800,0.0075777,0
WHLR.US,D,20161202,000000,87523800,88058950,86972900,87523800,0.002276425,0
WHLR.US,D,20161205,000000,87523800,88333700,85879850,85879850,0.002724095,0
WHLR.US,D,20161206,000000,84809900,86430050,84809900,85879850,0.001266745,0
WHLR.US,D,20161207,000000,86430050,86972900,85352400,85879850,0.002620485,0
WHLR.US,D,20161208,000000,86430050,90221950,85352400,85879850,0.002010855,0
WHLR.US,D,20161209,000000,86430050,89128900,86430050,86972900,0.00157012,0
WHLR.US,D,20161212,000000,88594100,88594100,86430050,86430050,0.002723575,0
WHLR.US,D,20161213,000000,86972900,86972900,85352400,85627850,0.00148417,0
WHLR.US,D,20161214,000000,87523800,88058950,85352400,85352400,0.001026295,0
WHLR.US,D,20161215,000000,86430050,86430050,83732600,83732600,0.002316325,0
WHLR.US,D,20161216,000000,84282100,87523800,83877850,84809900,0.02387635,0
WHLR.US,D,20161219,000000,85879850,88058950,85879850,88058950,0.003376635,0
WHLR.US,D,20161220,000000,89128900,89679100,88333700,89128900,0.004515045,0
WHLR.US,D,20161221,000000,89679100,89679100,88594100,89128900,0.00246533,0
WHLR.US,D,20161222,000000,90221950,90221950,86430050,88594100,0.00208137,0
WHLR.US,D,20161223,000000,89128900,90221950,88594100,90221950,0.00362062,0
WHLR.US,D,20161227,000000,90221950,92377250,90221950,90221950,0.003023025,0
WHLR.US,D,20161228,000000,90084050,91712950,90084050,90619200,0.002118525,0
WHLR.US,D,20161229,000000,91170100,91712950,89533850,90619200,0.00196978,0
WHLR.US,D,20161230,000000,91170100,92805650,91170100,92805650,0.00429775,0
WHLR.US,D,20170103,000000,92805650,93898700,91712950,91712950,0.0053108,0
WHLR.US,D,20170104,000000,91712950,92805650,91712950,92805650,0.002433675,0
WHLR.US,D,20170105,000000,92805650,92805650,91712950,92805650,0.00485204,0
WHLR.US,D,20170106,000000,94992100,94992100,91712950,92805650,0.003230375,0
WHLR.US,D,20170109,000000,93898700,94448900,91712950,92263150,0.0168752,0
WHLR.US,D,20170110,000000,92805650,93355850,92263150,92805650,0.0103783,0
WHLR.US,D,20170111,000000,93355850,93355850,92263150,92805650,0.006307,0
WHLR.US,D,20170112,000000,92805650,93355850,91712950,92805650,0.0074117,0
WHLR.US,D,20170113,000000,92263150,92805650,92263150,92805650,0.00581345,0
WHLR.US,D,20170117,000000,92805650,92805650,92263150,92263150,0.004853875,0
WHLR.US,D,20170118,000000,92805650,94448900,92263150,93355850,0.01225325,0
WHLR.US,D,20170119,000000,93898700,93898700,92263150,92805650,0.00861745,0
WHLR.US,D,20170120,000000,92805650,93080400,92263150,92805650,0.0058694,0
WHLR.US,D,20170123,000000,92805650,92805650,92263150,92805650,0.004608845,0
WHLR.US,D,20170124,000000,93898700,93898700,92263150,92805650,0.009425,0
WHLR.US,D,20170125,000000,93355850,93355850,92263150,92805650,0.00530085,0
WHLR.US,D,20170126,000000,92805650,93355850,92263150,92805650,0.01073335,0
WHLR.US,D,20170127,000000,94327100,95427500,93226700,93226700,0.00825275,0
WHLR.US,D,20170130,000000,93226700,93776900,92668100,92668100,0.0080281,0
WHLR.US,D,20170131,000000,93776900,93776900,92668100,93776900,0.00442321,0
WHLR.US,D,20170201,000000,93776900,94327100,92668100,93776900,0.0066851,0
WHLR.US,D,20170202,000000,93776900,94327100,93226700,93776900,0.00491837,0
WHLR.US,D,20170203,000000,93776900,94327100,93226700,93776900,0.003251175,0
WHLR.US,D,20170206,000000,94327100,95427500,93776900,95427500,0.004780875,0
WHLR.US,D,20170207,000000,95993450,95993450,94327100,94884650,0.00493289,0
WHLR.US,D,20170208,000000,95427500,95427500,92759450,93776900,0.00801505,0
WHLR.US,D,20170209,000000,93776900,94051300,92668100,92668100,0.0077603,0
WHLR.US,D,20170210,000000,93226700,93776900,93226700,93776900,0.004739535,0
WHLR.US,D,20170213,000000,94327100,94327100,93226700,93776900,0.00641885,0
WHLR.US,D,20170214,000000,94327100,94327100,93226700,93776900,0.00320552,0
WHLR.US,D,20170215,000000,94327100,94601500,93226700,93776900,0.0350701,0
WHLR.US,D,20170216,000000,93226700,93776900,93226700,93226700,0.0093413,0
WHLR.US,D,20170217,000000,93776900,93776900,93226700,93776900,0.013439,0
WHLR.US,D,20170221,000000,93776900,94327100,92668100,94327100,0.0273167,0
WHLR.US,D,20170222,000000,95427500,95993450,93776900,95993450,0.0071355,0
WHLR.US,D,20170223,000000,95993450,100396100,95427500,99845900,0.01483725,0
WHLR.US,D,20170224,000000,100258900,101382050,97750800,98592550,0.00674695,0
WHLR.US,D,20170227,000000,99150100,101933300,99150100,101933300,0.0088456,0
WHLR.US,D,20170228,000000,99708700,100816800,94693900,99150100,0.0193222,0
WHLR.US,D,20170301,000000,99708700,100816800,99150100,99150100,0.00591025,0
WHLR.US,D,20170302,000000,99150100,99150100,95809700,97476050,0.0069109,0
WHLR.US,D,20170303,000000,97476050,97476050,93577750,95251800,0.0092615,0
WHLR.US,D,20170306,000000,96367250,97476050,93019850,94135300,0.0061651,0
WHLR.US,D,20170307,000000,93577750,94693900,93019850,94135300,0.00439024,0
WHLR.US,D,20170308,000000,93577750,95809700,93577750,94693900,0.00859665,0
WHLR.US,D,20170309,000000,94693900,95251800,94135300,95251800,0.00762975,0
WHLR.US,D,20170310,000000,95251800,95251800,94135300,94135300,0.003191525,0
WHLR.US,D,20170313,000000,93860900,94693900,93355850,94693900,0.00476282,0
WHLR.US,D,20170314,000000,94693900,94693900,93073750,94693900,0.0037517,0
WHLR.US,D,20170315,000000,94135300,94693900,94135300,94135300,0.00267687,0
WHLR.US,D,20170316,000000,94693900,95809700,94135300,95251800,0.0068935,0
WHLR.US,D,20170317,000000,96925850,99150100,95809700,99150100,0.0054737,0
WHLR.US,D,20170320,000000,97476050,98026250,95251800,95809700,0.00405913,0
WHLR.US,D,20170321,000000,95809700,96925850,94693900,95251800,0.00599475,0
WHLR.US,D,20170322,000000,95809700,96925850,92461250,95251800,0.00964535,0
WHLR.US,D,20170323,000000,94693900,96367250,94135300,94693900,0.004876765,0
WHLR.US,D,20170324,000000,93577750,95809700,93577750,94693900,0.003055075,0
WHLR.US,D,20170327,000000,96367250,96925850,94693900,96925850,0.00592175,0
WHLR.US,D,20170328,000000,127814400,128540300,127078700,127814400,0.00455813,0
WHLR.US,D,20170329,000000,127965600,128701300,126171500,127965600,0.002519245,0
WHLR.US,D,20170330,000000,127965600,128701300,126493850,127229900,0.00638835,0
WHLR.US,D,20170331,000000,127229900,127965600,124639200,127229900,0.004106445,0
WHLR.US,D,20170403,000000,125122900,132400800,125122900,130999750,0.01094205,0
WHLR.US,D,20170404,000000,130909100,130909100,125485850,126312550,0.0117873,0
WHLR.US,D,20170405,000000,126403200,126534100,122270400,122270400,0.0153496,0
WHLR.US,D,20170406,000000,121524550,123742150,121524550,121625350,0.0074189,0
WHLR.US,D,20170407,000000,121524550,121524550,117673850,117673850,0.0178484,0
WHLR.US,D,20170410,000000,119054950,120889300,117845350,119326900,0.00762935,0
WHLR.US,D,20170411,000000,119226100,120798650,117673850,119700000,0.00800155,0
WHLR.US,D,20170412,000000,119498400,121625350,119054950,120980300,0.004910615,0
WHLR.US,D,20170413,000000,121161600,125022100,121161600,121998100,0.00650315,0
WHLR.US,D,20170417,000000,122078950,124931450,121917600,124931450,0.00210496,0
WHLR.US,D,20170418,000000,124750150,125122900,123369050,125022100,0.001452675,0
WHLR.US,D,20170419,000000,125022100,126866950,124377050,126866950,0.003443945,0
WHLR.US,D,20170420,000000,127149050,128520000,126866950,127874950,0.002825495,0
WHLR.US,D,20170421,000000,127693300,127905050,125203750,126312550,0.00353482,0
WHLR.US,D,20170424,000000,126040250,126040250,123893350,125576500,0.003559325,0
WHLR.US,D,20170425,000000,125395200,127784300,124568500,127320550,0.00840465,0
WHLR.US,D,20170426,000000,127320550,128237900,125485850,127048250,0.0059715,0
WHLR.US,D,20170427,000000,127048250,127320550,125294400,125395200,0.00398938,0
WHLR.US,D,20170428,000000,125122900,125122900,122451700,122724000,0.00701755,0
WHLR.US,D,20170501,000000,122724000,124296550,119145600,120425900,0.0140097,0
WHLR.US,D,20170502,000000,119054950,119649600,110597900,112522900,0.0364709,0
WHLR.US,D,20170503,000000,112522900,114458400,111948550,114266950,0.00896585,0
WHLR.US,D,20170504,000000,114266950,114458400,110779200,112160300,0.0184452,0
WHLR.US,D,20170505,000000,112613900,112613900,108490900,109307450,0.0151121,0
WHLR.US,D,20170508,000000,108753050,110224800,108380300,109489100,0.00906565,0
WHLR.US,D,20170509,000000,110134150,110315450,107553600,109126150,0.01357885,0
WHLR.US,D,20170510,000000,109398100,109529350,107281300,107553600,0.01168775,0
WHLR.US,D,20170511,000000,107372300,107372300,102866400,105729050,0.0155717,0
WHLR.US,D,20170512,000000,105356300,105356300,100296000,101576300,0.01150105,0
WHLR.US,D,20170515,000000,101213350,101213350,92935850,93404500,0.01936445,0
WHLR.US,D,20170516,000000,92661100,93874200,92386700,93219000,0.014095,0
WHLR.US,D,20170517,000000,92935850,94783150,91008050,91749000,0.01042,0
WHLR.US,D,20170518,000000,91930300,92338750,88804800,89814550,0.00704185,0
WHLR.US,D,20170519,000000,89079550,89700100,82921300,84667800,0.0198973,0
WHLR.US,D,20170522,000000,84023450,87241700,79978850,87057600,0.0241955,0
WHLR.US,D,20170523,000000,83563900,85162700,80990000,83289150,0.01733895,0
WHLR.US,D,20170524,000000,81175150,81267200,77130200,78233050,0.02876765,0
WHLR.US,D,20170525,000000,78048600,80071250,77220850,79611700,0.0146125,0
WHLR.US,D,20170526,000000,79060450,81175150,76577900,79887150,0.01041445,0
WHLR.US,D,20170530,000000,79060450,79519300,75841850,76026300,0.0080209,0
WHLR.US,D,20170531,000000,75750500,75841850,73084200,73543750,0.01864025,0
WHLR.US,D,20170601,000000,73911600,79531900,73728200,79060450,0.01832595,0
WHLR.US,D,20170602,000000,79060450,88897200,79060450,88252150,0.0250439,0
WHLR.US,D,20170605,000000,87517850,88252150,84115850,84115850,0.0202749,0
WHLR.US,D,20170606,000000,83932100,87334100,83748700,87057600,0.0088458,0
WHLR.US,D,20170607,000000,87334100,87977400,85035650,87334100,0.0076987,0
WHLR.US,D,20170608,000000,86689750,86874550,85495200,86598050,0.00525055,0
WHLR.US,D,20170609,000000,86506700,87792600,86413250,87057600,0.00590095,0
WHLR.US,D,20170612,000000,87334100,89540500,87334100,87977400,0.0071869,0
WHLR.US,D,20170613,000000,87700900,89355700,87609550,89264350,0.00579265,0
WHLR.US,D,20170614,000000,89172650,89264350,88252150,88804800,0.0073477,0
WHLR.US,D,20170615,000000,88437650,89632200,88437650,89448100,0.0079955,0
WHLR.US,D,20170616,000000,89079550,92575700,88069800,91654150,0.01521505,0
WHLR.US,D,20170619,000000,91198800,91198800,89632200,90646850,0.00585285,0
WHLR.US,D,20170620,000000,90552700,90922300,88905600,89723900,0.009021,0
WHLR.US,D,20170621,000000,89448100,91473550,89448100,90182400,0.00495843,0
WHLR.US,D,20170622,000000,91008050,94685500,89723900,90552700,0.0054198,0
WHLR.US,D,20170623,000000,90091750,94959550,90091750,94225250,0.01405565,0
WHLR.US,D,20170626,000000,95604600,96344500,92375500,96072550,0.01460555,0
WHLR.US,D,20170627,000000,96253850,97725600,95604600,97080550,0.0133996,0
WHLR.US,D,20170628,000000,96415200,97453300,94040450,94225250,0.01265285,0
WHLR.US,D,20170629,000000,94988950,96889100,94891300,96606650,0.00665475,0
WHLR.US,D,20170630,000000,96889100,98410900,95653250,96979750,0.00856855,0
WHLR.US,D,20170703,000000,95840500,96606650,91759150,92518300,0.007348,0
WHLR.US,D,20170705,000000,92614200,96798100,92614200,95554900,0.009822,0
WHLR.US,D,20170706,000000,94988950,98410900,94988950,96697300,0.0072829,0
WHLR.US,D,20170707,000000,96697300,98219450,95644150,98219450,0.002775,0
WHLR.US,D,20170710,000000,98592550,102019750,98128800,101535700,0.0091984,0
WHLR.US,D,20170711,000000,102120550,107815750,100205350,104771450,0.02729305,0
WHLR.US,D,20170712,000000,104962900,105436800,99741600,100124500,0.01416775,0
WHLR.US,D,20170713,000000,99358700,103612250,99166900,101162950,0.0079343,0
WHLR.US,D,20170714,000000,100789850,104398700,99166900,101818150,0.017399,0
WHLR.US,D,20170717,000000,101354400,103450900,100870700,101535700,0.01239195,0
WHLR.US,D,20170718,000000,100205350,102584300,99257900,101535700,0.00382996,0
WHLR.US,D,20170719,000000,101818150,102957050,101354400,101918950,0.003856645,0
WHLR.US,D,20170720,000000,102685100,104862100,101898650,104580000,0.003938785,0
WHLR.US,D,20170721,000000,104862100,105194950,102584300,104771450,0.0048123,0
WHLR.US,D,20170724,000000,103813850,104771450,103047700,104106100,0.002936605,0
WHLR.US,D,20170725,000000,104489350,106293600,103914650,104297900,0.002922515,0
WHLR.US,D,20170726,000000,103450900,103450900,97937350,100789850,0.00954095,0
WHLR.US,D,20170727,000000,101636500,102120550,100023700,101535700,0.00715465,0
WHLR.US,D,20170728,000000,101354400,102483500,100023700,101535700,0.0054121,0
WHLR.US,D,20170731,000000,103068000,103068000,99741600,101455200,0.004703765,0
WHLR.US,D,20170801,000000,101636500,103854100,99832250,101354400,0.001773905,0
WHLR.US,D,20170802,000000,101354400,101535700,99257900,101253600,0.003290075,0
WHLR.US,D,20170803,000000,100689050,103350100,99166900,100971500,0.00531555,0
WHLR.US,D,20170804,000000,95870950,101636500,95870950,100870700,0.003376485,0
WHLR.US,D,20170807,000000,100306150,101535700,98794150,101535700,0.002519245,0
WHLR.US,D,20170808,000000,101636500,101636500,98794150,100023700,0.0070242,0
WHLR.US,D,20170809,000000,100689050,100689050,95554900,96415200,0.0070495,0
WHLR.US,D,20170810,000000,96979750,98975450,96223750,97554100,0.00367083,0
WHLR.US,D,20170811,000000,97171200,98028000,95467750,95941300,0.00365079,0
WHLR.US,D,20170814,000000,96889100,101535700,96546100,99540000,0.003740575,0
WHLR.US,D,20170815,000000,100023700,100023700,97171200,98128800,0.003547715,0
WHLR.US,D,20170816,000000,98078400,98310100,96415200,96415200,0.00162371,0
WHLR.US,D,20170817,000000,95086250,98300300,94988950,95174450,0.00312103,0
WHLR.US,D,20170818,000000,94988950,94988950,92043700,93179450,0.003913785,0
WHLR.US,D,20170821,000000,92993950,94891300,91422100,93755900,0.002188985,0
WHLR.US,D,20170822,000000,93472750,94988950,92242850,94802400,0.00196696,0
WHLR.US,D,20170823,000000,94274950,97362650,93942100,95750900,0.00298482,0
WHLR.US,D,20170824,000000,94988950,97171200,94988950,95086250,0.002532635,0
WHLR.US,D,20170825,000000,94891300,95554900,94646300,95330900,0.002695335,0
WHLR.US,D,20170828,000000,94802400,96223750,94802400,95174450,0.003367755,0
WHLR.US,D,20170829,000000,95467750,97171200,95467750,96415200,0.00376468,0
WHLR.US,D,20170830,000000,95941300,97645100,94891300,97554100,0.003421425,0
WHLR.US,D,20170831,000000,97554100,101354400,97554100,99640800,0.00351359,0
WHLR.US,D,20170901,000000,99741600,101818150,99459500,100588250,0.003465075,0
WHLR.US,D,20170905,000000,100689050,103148500,100306150,103148500,0.00326944,0
WHLR.US,D,20170906,000000,103068000,103813850,100789850,101455200,0.0012625,0
WHLR.US,D,20170907,000000,101455200,105043750,101455200,104297900,0.002610315,0
WHLR.US,D,20170908,000000,104580000,104962900,103481350,104489350,0.00294236,0
WHLR.US,D,20170911,000000,104580000,108289300,104267450,108007200,0.0036499,0
WHLR.US,D,20170912,000000,107341850,108007200,107341850,107906400,0.00278234,0
WHLR.US,D,20170913,000000,107341850,112089600,107341850,107714950,0.0056741,0
WHLR.US,D,20170914,000000,107815750,110184550,105063700,106575700,0.01513095,0
WHLR.US,D,20170915,000000,107341850,110567450,107241050,107241050,0.00468363,0
WHLR.US,D,20170918,000000,107341850,111514900,106958950,107714950,0.00745215,0
WHLR.US,D,20170919,000000,107815750,108188500,102201050,103531750,0.01003005,0
WHLR.US,D,20170920,000000,103632550,107049600,103068000,103249300,0.00827805,0
WHLR.US,D,20170921,000000,105063700,106102150,103531750,104398700,0.0066448,0
WHLR.US,D,20170922,000000,104962900,105819700,103632550,105245350,0.00852815,0
WHLR.US,D,20170925,000000,109045300,109620000,106384250,108763200,0.01234275,0
WHLR.US,D,20170926,000000,108662400,114266950,108662400,113984500,0.01410475,0
WHLR.US,D,20170927,000000,114468550,114690100,111232800,113319500,0.00835525,0
WHLR.US,D,20170928,000000,113712550,114105600,106767500,109700500,0.0074698,0
WHLR.US,D,20170929,000000,108924550,114881900,108924550,112926100,0.0107329,0
WHLR.US,D,20171002,000000,114690100,118893600,114377900,116151700,0.0161243,0
WHLR.US,D,20171003,000000,116837350,116837350,112926100,113813350,0.0101193,0
WHLR.US,D,20171004,000000,115375750,115899700,112926100,113521100,0.00445724,0
WHLR.US,D,20171005,000000,112926100,116343500,112754950,115668000,0.0062124,0
WHLR.US,D,20171006,000000,114589300,116151700,114589300,114790900,0.00396458,0
WHLR.US,D,20171009,000000,115668000,118016500,115567200,117129600,0.0098347,0
WHLR.US,D,20171010,000000,116061050,120264550,115859450,117724250,0.0119951,0
WHLR.US,D,20171011,000000,117814900,119185850,116454100,117331200,0.003147815,0
WHLR.US,D,20171012,000000,117230400,118208300,116545100,117129600,0.00495347,0
WHLR.US,D,20171013,000000,117623450,118409900,117331200,117623450,0.00450238,0
WHLR.US,D,20171016,000000,115567200,116353300,100215500,101495450,0.0288999,0
WHLR.US,D,20171017,000000,100810150,101011750,92690500,93961700,0.028458,0
WHLR.US,D,20171018,000000,93668400,93765700,85259300,88290650,0.0320244,0
WHLR.US,D,20171019,000000,87313100,89386850,87019800,88388300,0.0105223,0
WHLR.US,D,20171020,000000,88975250,96405050,88975250,91028350,0.0157206,0
WHLR.US,D,20171023,000000,96213600,97261850,90343750,91419650,0.0152224,0
WHLR.US,D,20171024,000000,87410400,90343750,86824850,89464200,0.01008915,0
WHLR.US,D,20171025,000000,90246100,90246100,88193350,89561500,0.004239285,0
WHLR.US,D,20171026,000000,90735050,91224000,89854800,90442100,0.00715085,0
WHLR.US,D,20171027,000000,91321300,94646300,90295800,90539400,0.0070711,0
WHLR.US,D,20171030,000000,89170900,92876350,89170900,92397550,0.00978925,0
WHLR.US,D,20171031,000000,94157350,94157350,90148100,91028350,0.0066618,0
WHLR.US,D,20171101,000000,91712950,91712950,89953150,90539400,0.003403075,0
WHLR.US,D,20171102,000000,90442100,94939250,90226850,92116150,0.00394236,0
WHLR.US,D,20171103,000000,89561500,90539400,79979900,82912900,0.01981,0
WHLR.US,D,20171106,000000,81739700,83597500,81739700,83499850,0.007123,0
WHLR.US,D,20171107,000000,82815250,84672700,81739700,84282100,0.01036375,0
WHLR.US,D,20171108,000000,84672700,84672700,82558350,83793150,0.0087844,0
WHLR.US,D,20171109,000000,85357300,97282150,85259300,95428200,0.01701845,0
WHLR.US,D,20171110,000000,95428200,96898900,94450300,95330900,0.0086076,0
WHLR.US,D,20171113,000000,95921350,97967450,93823800,97967450,0.00586495,0
WHLR.US,D,20171114,000000,98360500,98935200,92837500,95721500,0.0079089,0
WHLR.US,D,20171115,000000,94939250,96405050,93759050,96405050,0.003930155,0
WHLR.US,D,20171116,000000,95134900,97967450,94841950,96012000,0.00260962,0
WHLR.US,D,20171117,000000,96304250,97765850,96012000,97090700,0.002509225,0
WHLR.US,D,20171120,000000,97282150,97765850,94254650,94939250,0.00271567,0
WHLR.US,D,20171121,000000,94254650,99630650,94254650,97382950,0.00417113,0
WHLR.US,D,20171122,000000,97675200,99540000,96798100,98653100,0.00261438,0
WHLR.US,D,20171124,000000,97967450,101193050,97967450,99439200,0.004082935,0
WHLR.US,D,20171127,000000,99338400,100517900,96304250,100124500,0.00476974,0
WHLR.US,D,20171128,000000,100517900,100608550,96223750,98653100,0.00359117,0
WHLR.US,D,20171129,000000,98259700,100124500,97776000,99237600,0.00316865,0
WHLR.US,D,20171130,000000,100215500,102856250,100054150,100608550,0.0050867,0
WHLR.US,D,20171201,000000,101394650,102765600,100608550,102170950,0.0059849,0
WHLR.US,D,20171204,000000,102372550,102372550,100608550,100608550,0.003382535,0
WHLR.US,D,20171205,000000,100517900,103450900,100517900,103350100,0.00350466,0
WHLR.US,D,20171206,000000,103541900,103642700,101686900,103249300,0.00242619,0
WHLR.US,D,20171207,000000,103249300,109902100,103249300,108823750,0.0174994,0
WHLR.US,D,20171208,000000,109509050,116061050,105497350,113712550,0.0200081,0
WHLR.US,D,20171211,000000,114297050,114297050,106384250,109408250,0.007287,0
WHLR.US,D,20171212,000000,109216800,111262900,107553600,109216800,0.004110315,0
WHLR.US,D,20171213,000000,109216800,113712550,108339700,108430700,0.00685115,0
WHLR.US,D,20171214,000000,108531500,111363700,107553600,107845850,0.01160455,0
WHLR.US,D,20171215,000000,108823750,109509050,105789600,106081850,0.006533,0
WHLR.US,D,20171218,000000,105890400,111071450,105890400,109116000,0.0055599,0
WHLR.US,D,20171219,000000,110154100,110486950,106575700,106868300,0.004467655,0
WHLR.US,D,20171220,000000,107452800,108521350,102664800,104035750,0.007332,0
WHLR.US,D,20171221,000000,104519450,106283450,103541900,104227200,0.00570605,0
WHLR.US,D,20171222,000000,105598150,109116000,102856250,108339700,0.01172935,0
WHLR.US,D,20171226,000000,110194700,112442400,108531500,110779200,0.0151445,0
WHLR.US,D,20171227,000000,110880000,111384000,105033600,107956800,0.01460135,0
WHLR.US,D,20171228,000000,106848000,108662400,102312000,102312000,0.00994155,0
WHLR.US,D,20171229,000000,100598400,104715100,98481600,99892800,0.01217735,0
WHLR.US,D,20180102,000000,100800000,103219200,92000300,92131200,0.0112569,0
WHLR.US,D,20180103,000000,92736000,93749950,89602800,89712000,0.0102594,0
WHLR.US,D,20180104,000000,89611200,92937600,87393600,87645600,0.00988855,0
WHLR.US,D,20180105,000000,88200000,89107200,86688000,87292800,0.00919185,0
WHLR.US,D,20180108,000000,86990400,87192000,80841600,83865600,0.01571545,0
WHLR.US,D,20180109,000000,83865600,84329350,80640000,81144000,0.01010255,0
WHLR.US,D,20180110,000000,80640000,81547200,77616000,78825600,0.0166444,0
WHLR.US,D,20180111,000000,79430400,86990400,78120000,85377600,0.02727605,0
WHLR.US,D,20180112,000000,86788800,87292800,71064700,72172800,0.0456317,0
WHLR.US,D,20180116,000000,73281600,73281600,60480000,66830400,0.0778145,0
WHLR.US,D,20180117,000000,68040000,76900250,67032000,75902400,0.0521495,0
WHLR.US,D,20180118,000000,78624000,80136000,75700800,76104000,0.0267943,0
WHLR.US,D,20180119,000000,75600000,76672750,72777600,74491200,0.0149569,0
WHLR.US,D,20180122,000000,73483200,80488800,73080000,77515200,0.0142361,0
WHLR.US,D,20180123,000000,78019200,78019200,74995200,76204800,0.01521795,0
WHLR.US,D,20180124,000000,76708800,77816900,73785600,73987200,0.00959055,0
WHLR.US,D,20180125,000000,74088000,74088000,69048000,69652800,0.02484245,0
WHLR.US,D,20180126,000000,70560000,73760400,68799150,72676800,0.0258963,0
WHLR.US,D,20180129,000000,73281600,73483200,69552000,70056000,0.0120688,0
WHLR.US,D,20180130,000000,69048000,70560000,65520000,69148800,0.02870475,0
WHLR.US,D,20180131,000000,70560000,70560000,63604800,64411200,0.0237734,0
WHLR.US,D,20180201,000000,63604800,67737600,56851200,56851200,0.0381586,0
WHLR.US,D,20180202,000000,57052800,58564800,50198400,52718400,0.0467194,0
WHLR.US,D,20180205,000000,53121600,56649600,49089600,53323200,0.0359199,0
WHLR.US,D,20180206,000000,53121600,54331200,47880000,52516800,0.0427596,0
WHLR.US,D,20180207,000000,52113600,54432000,51004800,53121600,0.0174817,0
WHLR.US,D,20180208,000000,53323200,54215350,50097600,50500800,0.0151733,0
WHLR.US,D,20180209,000000,51004800,53121600,48526100,52012800,0.03299275,0
WHLR.US,D,20180212,000000,52718400,53020800,51408000,52819200,0.0141239,0
WHLR.US,D,20180213,000000,52718400,53323200,51105600,52617600,0.0064836,0
WHLR.US,D,20180214,000000,52718400,54230400,51912000,53071200,0.00893125,0
WHLR.US,D,20180215,000000,53524800,54532800,53222400,53827200,0.00837515,0
WHLR.US,D,20180216,000000,54129600,57748250,53424000,55742400,0.02567665,0
WHLR.US,D,20180220,000000,51408000,52617600,49997500,51106300,0.0302986,0
WHLR.US,D,20180221,000000,51811200,51811200,50400000,50904000,0.0094192,0
WHLR.US,D,20180222,000000,51307200,51307200,49795200,49896000,0.02166705,0
WHLR.US,D,20180223,000000,50299200,50400000,48182400,49291200,0.020507,0
WHLR.US,D,20180226,000000,49996800,50803200,48888000,49694400,0.00802955,0
WHLR.US,D,20180227,000000,50097600,53827200,49857850,50500800,0.01470265,0
WHLR.US,D,20180228,000000,52315200,52579450,48686400,50601600,0.01051405,0
WHLR.US,D,20180301,000000,50400000,52405850,48888000,50097600,0.015137,0
WHLR.US,D,20180302,000000,50097600,51206400,49795200,50702400,0.00716835,0
WHLR.US,D,20180305,000000,51609600,51609600,49190400,49896000,0.0090341,0
WHLR.US,D,20180306,000000,50400000,51105600,49593600,50097600,0.0100328,0
WHLR.US,D,20180307,000000,43948800,46368000,36993600,41126400,0.1387525,0
WHLR.US,D,20180308,000000,41428800,41832000,40675950,41731200,0.0209605,0
WHLR.US,D,20180309,000000,41630400,42537600,40824000,41630400,0.02669215,0
WHLR.US,D,20180312,000000,41832000,44352000,41630400,42739200,0.012835,0
WHLR.US,D,20180313,000000,43142400,44049600,40824000,41227200,0.01208885,0
WHLR.US,D,20180314,000000,41227200,41328000,40219200,40320000,0.0158203,0
WHLR.US,D,20180315,000000,40924800,40924800,32761120,32961600,0.0427989,0
WHLR.US,D,20180316,000000,33364800,35784000,33062400,35078400,0.03349315,0
WHLR.US,D,20180319,000000,35280000,35773850,32760000,33768000,0.017636,0
WHLR.US,D,20180320,000000,33768000,35784000,33264000,34171200,0.0107339,0
WHLR.US,D,20180321,000000,34473600,36992550,33768000,36388800,0.0152477,0
WHLR.US,D,20180322,000000,36288000,43031450,36086400,40017600,0.03081505,0
WHLR.US,D,20180323,000000,40320000,41227200,38505600,40420800,0.02256755,0
WHLR.US,D,20180326,000000,40824000,42217350,37425150,37699200,0.0229335,0
WHLR.US,D,20180327,000000,37900800,37900800,35380800,35683200,0.01492615,0
WHLR.US,D,20180328,000000,36288000,39211200,34782160,37699200,0.03133085,0
WHLR.US,D,20180329,000000,37699200,37699200,35481600,36086400,0.0097946,0
WHLR.US,D,20180402,000000,36086400,36086400,33332600,34473600,0.01122605,0
WHLR.US,D,20180403,000000,34776000,35784000,33868800,34272000,0.0166496,0
WHLR.US,D,20180404,000000,34272000,34574400,33364800,33868800,0.0166724,0
WHLR.US,D,20180405,000000,34272000,34272000,32760000,34272000,0.0117585,0
WHLR.US,D,20180406,000000,34372800,36098300,33062400,33264000,0.0110324,0
WHLR.US,D,20180409,000000,33667200,34977600,32860800,33969600,0.0084217,0
WHLR.US,D,20180410,000000,34070400,35884800,33667200,35784000,0.00830325,0
WHLR.US,D,20180411,000000,38404800,39871300,38404800,38404800,0.0205595,0
WHLR.US,D,20180412,000000,38404800,38786650,37094400,37900800,0.0060479,0
WHLR.US,D,20180413,000000,38203200,38203200,37195200,37800000,0.00524215,0
WHLR.US,D,20180416,000000,38505600,38725400,37396800,38001600,0.01060365,0
WHLR.US,D,20180417,000000,38707200,40824000,38404800,39312000,0.01694205,0
WHLR.US,D,20180418,000000,39715200,39812150,38304000,38404800,0.00733775,0
WHLR.US,D,20180419,000000,38203200,38999450,37800000,38102400,0.00334107,0
WHLR.US,D,20180420,000000,37900800,38999450,36792000,36792000,0.0064224,0
WHLR.US,D,20180423,000000,34272000,38383450,34070400,34272000,0.01245095,0
WHLR.US,D,20180424,000000,34776000,35278950,34272000,34776000,0.0077696,0
WHLR.US,D,20180425,000000,34574400,36288000,34272000,34574400,0.00274246,0
WHLR.US,D,20180426,000000,34977600,36892800,34675200,36187200,0.00569175,0
WHLR.US,D,20180427,000000,36388800,38778950,36086400,38304000,0.00727955,0
WHLR.US,D,20180430,000000,38908800,38938900,34473600,37800000,0.01234365,0
WHLR.US,D,20180501,000000,37396800,37800000,36289050,37497600,0.0064489,0
WHLR.US,D,20180502,000000,37497600,38414950,35582400,36086400,0.00570445,0
WHLR.US,D,20180503,000000,36187200,36892800,34777120,36590400,0.00630345,0
WHLR.US,D,20180504,000000,36288000,38304000,36087450,37396800,0.004648805,0
WHLR.US,D,20180507,000000,37396800,38304000,37094400,37900800,0.00505145,0
WHLR.US,D,20180508,000000,37598400,38104500,36892800,37598400,0.00752735,0
WHLR.US,D,20180509,000000,38606400,42739200,37899750,42739200,0.029725,0
WHLR.US,D,20180510,000000,42235200,43444800,41630400,42336000,0.00880355,0
WHLR.US,D,20180511,000000,42134400,43444800,41529600,43444800,0.0051205,0
WHLR.US,D,20180514,000000,43444800,46670400,42840000,46569600,0.0139196,0
WHLR.US,D,20180515,000000,45964800,46267200,43142400,45964800,0.004354165,0
WHLR.US,D,20180516,000000,45360000,46569600,41832000,42235200,0.0109574,0
WHLR.US,D,20180517,000000,42235200,44424800,40320000,43041600,0.01098755,0
WHLR.US,D,20180518,000000,42940800,43646400,41227200,41328000,0.00816385,0
WHLR.US,D,20180521,000000,41328000,42321650,40420800,40420800,0.0095855,0
WHLR.US,D,20180522,000000,40420800,41428800,38908800,41227200,0.00923935,0
WHLR.US,D,20180523,000000,41328000,41630400,40017600,40723200,0.00424484,0
WHLR.US,D,20180524,000000,40320000,41832000,40320000,40320000,0.0052227,0
WHLR.US,D,20180525,000000,40521600,41529600,40320000,41126400,0.004990475,0
WHLR.US,D,20180529,000000,41428800,42840000,41227200,42739200,0.00717765,0
WHLR.US,D,20180530,000000,43041600,43848000,41731200,42537600,0.00901435,0
WHLR.US,D,20180531,000000,42336000,42729050,40723200,41832000,0.00415218,0
WHLR.US,D,20180601,000000,42940800,42940800,40824000,41227200,0.00357063,0
WHLR.US,D,20180604,000000,41227200,41932800,39916800,40420800,0.00680515,0
WHLR.US,D,20180605,000000,40420800,40622400,39916800,40219200,0.004551485,0
WHLR.US,D,20180606,000000,40824000,40824000,38808000,39110400,0.00860585,0
WHLR.US,D,20180607,000000,39412800,39916800,38505600,38808000,0.0073819,0
WHLR.US,D,20180608,000000,38505600,39513600,38404800,38606400,0.00387857,0
WHLR.US,D,20180611,000000,38606400,39578000,38304000,38606400,0.0061832,0
WHLR.US,D,20180612,000000,39009600,39715200,38001600,39009600,0.0050979,0
WHLR.US,D,20180613,000000,38404800,39211200,38304000,38707200,0.0051078,0
WHLR.US,D,20180614,000000,39009600,39211200,37396800,38505600,0.00511635,0
WHLR.US,D,20180615,000000,38505600,38908800,38102400,38404800,0.002613785,0
WHLR.US,D,20180618,000000,38001600,39110400,38001600,38808000,0.00635325,0
WHLR.US,D,20180619,000000,38203200,38404800,36691200,37598400,0.0116734,0
WHLR.US,D,20180620,000000,37699200,38193050,37296000,37598400,0.01056255,0
WHLR.US,D,20180621,000000,37094400,38001600,36792000,37598400,0.00415446,0
WHLR.US,D,20180622,000000,37396800,40320000,37396800,40219200,0.00850305,0
WHLR.US,D,20180625,000000,40320000,40420800,39614400,40017600,0.0053489,0
WHLR.US,D,20180626,000000,40118400,41227200,40017600,40521600,0.00503065,0
WHLR.US,D,20180627,000000,40824000,40824000,38404800,39715200,0.002806745,0
WHLR.US,D,20180628,000000,39916800,40370400,38808000,38908800,0.003364085,0
WHLR.US,D,20180629,000000,39211200,40924800,39006450,40723200,0.00458224,0
WHLR.US,D,20180702,000000,40622400,41731200,40237400,41025600,0.00470724,0
WHLR.US,D,20180703,000000,40622400,42436800,40622400,41832000,0.004211305,0
WHLR.US,D,20180705,000000,41529600,43344000,41529600,41832000,0.00752725,0
WHLR.US,D,20180706,000000,41731200,43344000,41731200,42840000,0.002611605,0
WHLR.US,D,20180709,000000,42940800,43848000,42739200,43344000,0.00573105,0
WHLR.US,D,20180710,000000,43344000,44553600,42639100,44251200,0.003224105,0
WHLR.US,D,20180711,000000,44049600,44553600,42537600,44452800,0.00530135,0
WHLR.US,D,20180712,000000,44553600,44704800,42940800,43444800,0.0064465,0
WHLR.US,D,20180713,000000,43747200,46368000,43042300,46368000,0.00425942,0
WHLR.US,D,20180716,000000,45864000,45864000,43386700,44251200,0.0073493,0
WHLR.US,D,20180717,000000,44049600,46368000,43560650,45763200,0.00567565,0
WHLR.US,D,20180718,000000,46166400,46166400,41209000,43545600,0.00483442,0
WHLR.US,D,20180719,000000,43848000,47376000,43848000,45964800,0.004327575,0
WHLR.US,D,20180720,000000,46569600,47376000,45964800,46670400,0.00351587,0
WHLR.US,D,20180723,000000,46468800,48182400,45511200,47376000,0.0064246,0
WHLR.US,D,20180724,000000,47678400,50400000,47275200,49896000,0.00726655,0
WHLR.US,D,20180725,000000,50299200,56851200,50097600,53524800,0.01810265,0
WHLR.US,D,20180726,000000,54331200,54341350,51811200,52718400,0.00509125,0
WHLR.US,D,20180727,000000,51912000,52617600,50400000,50400000,0.0070972,0
WHLR.US,D,20180730,000000,50097600,51408000,44956800,51408000,0.002805355,0
WHLR.US,D,20180731,000000,51912000,52416000,50400000,51408000,0.003916265,0
WHLR.US,D,20180801,000000,51408000,51861600,49996800,51105600,0.003607735,0
WHLR.US,D,20180802,000000,51105600,51912000,49089600,49089600,0.00307986,0
WHLR.US,D,20180803,000000,48988800,51408000,48921250,50904000,0.003003965,0
WHLR.US,D,20180806,000000,51408000,51408000,48484800,49795200,0.004255355,0
WHLR.US,D,20180807,000000,49996800,51206400,48787200,50702400,0.00433125,0
WHLR.US,D,20180808,000000,51408000,51408000,49896000,50601600,0.002692655,0
WHLR.US,D,20180809,000000,49996800,51105600,48384000,50097600,0.004311805,0
WHLR.US,D,20180810,000000,50097600,50793050,49190400,49492800,0.00296607,0
WHLR.US,D,20180813,000000,49593600,49593600,48230700,49140000,0.002442955,0
WHLR.US,D,20180814,000000,48888000,49291200,47275200,48585600,0.00591465,0
WHLR.US,D,20180815,000000,48686400,49392000,47880000,49140000,0.01081765,0
WHLR.US,D,20180816,000000,48182400,49593600,48182400,48988800,0.0045997,0
WHLR.US,D,20180817,000000,49190400,49190400,48484800,48484800,0.001725095,0
WHLR.US,D,20180820,000000,47980800,49593600,47980800,49291200,0.003857535,0
WHLR.US,D,20180821,000000,48988800,51508800,48787200,51004800,0.004359025,0
WHLR.US,D,20180822,000000,48988800,51357600,48988800,50803200,0.002411405,0
WHLR.US,D,20180823,000000,50601600,55944000,50400000,55944000,0.00681875,0
WHLR.US,D,20180824,000000,55944000,55944000,53928000,54230400,0.00900305,0
WHLR.US,D,20180827,000000,55137600,56347200,54633600,55944000,0.00311835,0
WHLR.US,D,20180828,000000,56347200,56347200,53935350,54432000,0.00327331,0
WHLR.US,D,20180829,000000,53928000,54633600,52830050,53726400,0.00352569,0
WHLR.US,D,20180830,000000,53524800,56044800,53424000,55944000,0.00615085,0
WHLR.US,D,20180831,000000,55843200,56347200,54673150,55540800,0.002891265,0
WHLR.US,D,20180904,000000,55238400,58464000,55238400,58060800,0.00281498,0
WHLR.US,D,20180905,000000,59068800,63504000,56246400,63504000,0.00929185,0
WHLR.US,D,20180906,000000,62395200,63504000,56707350,56851200,0.00551785,0
WHLR.US,D,20180907,000000,55944000,58764300,49492800,50702400,0.0159969,0
WHLR.US,D,20180910,000000,51609600,51609600,48182400,48585600,0.004851485,0
WHLR.US,D,20180911,000000,47880000,48031200,43444800,46368000,0.0097719,0
WHLR.US,D,20180912,000000,46267200,48182400,46267200,47577600,0.00238115,0
WHLR.US,D,20180913,000000,49291200,49291200,45941700,46166400,0.00433948,0
WHLR.US,D,20180914,000000,46267200,46267200,43861300,44553600,0.00272331,0
WHLR.US,D,20180917,000000,44352000,44352000,42436800,42840000,0.002825595,0
WHLR.US,D,20180918,000000,42235200,44251200,41328000,41731200,0.0074839,0
WHLR.US,D,20180919,000000,41428800,43328950,41428800,42235200,0.002306345,0
WHLR.US,D,20180920,000000,41529600,42235200,39412800,40320000,0.00741645,0
WHLR.US,D,20180921,000000,40017600,42537600,39926950,42537600,0.00531425,0
WHLR.US,D,20180924,000000,41731200,41731200,38878700,40521600,0.00675295,0
WHLR.US,D,20180925,000000,40622400,41519450,40018650,40521600,0.001706845,0
WHLR.US,D,20180926,000000,40320000,41832000,39312000,40924800,0.003631845,0
WHLR.US,D,20180927,000000,40824000,43545600,40824000,43344000,0.002235215,0
WHLR.US,D,20180928,000000,43160600,44856000,42956900,43142400,0.003743845,0
WHLR.US,D,20181001,000000,42739200,43957900,42739200,43142400,0.001488095,0
WHLR.US,D,20181002,000000,43545600,44503200,42336000,42436800,0.00195962,0
WHLR.US,D,20181003,000000,42940800,45763200,42840700,45561600,0.00267212,0
WHLR.US,D,20181004,000000,45259200,45460800,43747200,44049600,0.00102976,0
WHLR.US,D,20181005,000000,43848000,43848000,42638400,43444800,0.002296825,0
WHLR.US,D,20181008,000000,42638400,45259200,42446950,44352000,0.00178462,0
WHLR.US,D,20181009,000000,43848000,44654400,42840000,42840000,0.001514185,0
WHLR.US,D,20181010,000000,42638400,43097950,38606400,40017600,0.004395135,0
WHLR.US,D,20181011,000000,39614400,40622400,39312000,39816000,0.00288075,0
WHLR.US,D,20181012,000000,40320000,40622400,38663800,40420800,0.001964085,0
WHLR.US,D,20181015,000000,39916800,40821900,39816000,39816000,0.00078849,0
WHLR.US,D,20181016,000000,40219200,41025600,39312000,39816000,0.001997515,0
WHLR.US,D,20181017,000000,39110400,39916800,38808000,38808000,0.00181438,0
WHLR.US,D,20181018,000000,40684000,40684000,38414950,38908800,0.00157361,0
WHLR.US,D,20181019,000000,38908800,40219200,36792000,36792000,0.00251448,0
WHLR.US,D,20181022,000000,36388800,38073350,33062400,33465600,0.006348,0
WHLR.US,D,20181023,000000,33364800,37123450,33364800,33868800,0.0056349,0
WHLR.US,D,20181024,000000,33667200,35481600,33667200,33667200,0.003355555,0
WHLR.US,D,20181025,000000,33465600,35481600,33465600,34221600,0.00157331,0
WHLR.US,D,20181026,000000,33768000,35179200,33062400,33868800,0.0054199,0
WHLR.US,D,20181029,000000,33264000,34272000,32689440,33364800,0.001686305,0
WHLR.US,D,20181030,000000,32760000,34171200,31752000,32760000,0.004567755,0
WHLR.US,D,20181031,000000,34006840,34006840,32860800,33098800,0.000884125,0
WHLR.US,D,20181101,000000,33364800,37800000,31762080,37800000,0.00548845,0
WHLR.US,D,20181102,000000,37900800,38722250,35918050,36489600,0.004590575,0
WHLR.US,D,20181105,000000,36388800,38304000,35281050,36489600,0.00200585,0
WHLR.US,D,20181106,000000,36288000,37094400,36136800,36892800,0.00164593,0
WHLR.US,D,20181107,000000,34070400,37616600,34070400,34372800,0.00236865,0
WHLR.US,D,20181108,000000,34372800,36691200,34372800,35481600,0.00044871,0
WHLR.US,D,20181109,000000,35481600,35481600,34070400,34070400,0.00138442,0
WHLR.US,D,20181112,000000,34070400,35247800,32961600,32961600,0.001776785,0
WHLR.US,D,20181113,000000,32760000,34860560,31449600,31449600,0.003185415,0
WHLR.US,D,20181114,000000,31449600,35278950,31248000,31349920,0.00242996,0
WHLR.US,D,20181115,000000,30340800,31671360,27316800,30240000,0.00520025,0
WHLR.US,D,20181116,000000,30240000,30240000,29088920,29232000,0.002021325,0
WHLR.US,D,20181119,000000,29232000,30240000,26308800,28022400,0.0073587,0
WHLR.US,D,20181120,000000,29540560,29540560,27758360,28627200,0.00216468,0
WHLR.US,D,20181121,000000,28627200,30996000,28224000,28224000,0.00209742,0
WHLR.US,D,20181123,000000,27316800,28828800,26208000,26208000,0.0007746,0
WHLR.US,D,20181126,000000,26208000,29232000,24998400,26712000,0.004701585,0
WHLR.US,D,20181127,000000,26308800,27655460,25300800,26712000,0.00150198,0
WHLR.US,D,20181128,000000,26510400,28526400,25200000,25200000,0.00448075,0
WHLR.US,D,20181129,000000,25300800,29232000,25300800,29232000,0.00303115,0
WHLR.US,D,20181130,000000,29030400,30340800,28031360,28123200,0.001229065,0
WHLR.US,D,20181203,000000,28224000,28828800,26117280,28728000,0.003142655,0
WHLR.US,D,20181204,000000,27518400,28526400,25401600,27216000,0.003188985,0
WHLR.US,D,20181206,000000,25704000,26584040,25401600,26409600,0.000969245,0
WHLR.US,D,20181207,000000,25804800,27316800,22680000,22680000,0.004580055,0
WHLR.US,D,20181210,000000,22680000,25704000,22680000,23788800,0.005272,0
WHLR.US,D,20181211,000000,24696000,24696000,20182120,21672000,0.00464345,0
WHLR.US,D,20181212,000000,20664000,22276800,20260800,20966400,0.0063482,0
WHLR.US,D,20181213,000000,20927060,21168000,19657960,20563200,0.00596705,0
WHLR.US,D,20181214,000000,19958400,20663020,17337600,19555200,0.003962995,0
WHLR.US,D,20181217,000000,16228800,17942400,15926400,16128000,0.0106748,0
WHLR.US,D,20181218,000000,16531200,16833600,16228800,16329600,0.003841865,0
WHLR.US,D,20181219,000000,16027200,16732800,14616000,14716800,0.0097951,0
WHLR.US,D,20181220,000000,14616000,15321600,12902400,13104000,0.0073211,0
WHLR.US,D,20181221,000000,12600000,12600000,7257600,9576000,0.0222333,0
WHLR.US,D,20181224,000000,9576000,10080000,8668800,9072000,0.00450605,0
WHLR.US,D,20181226,000000,10080000,11691750,8064000,8568000,0.0219867,0
WHLR.US,D,20181227,000000,8568000,9072000,8568000,8568000,0.0130111,0
WHLR.US,D,20181228,000000,8568000,9777600,8467200,8668800,0.01147,0
WHLR.US,D,20181231,000000,8568000,9475200,8568000,8981280,0.00752605,0
WHLR.US,D,20190102,000000,8981280,8981280,8082130,8387540,0.0078069,0
WHLR.US,D,20190103,000000,8942990,12096000,8082900,11289600,0.0468564,0
WHLR.US,D,20190104,000000,11088000,11389350,10139500,10684800,0.0084359,0
WHLR.US,D,20190107,000000,10684800,10785600,10483200,10735200,0.00677645,0
WHLR.US,D,20190108,000000,10785600,12196800,10281600,11390400,0.00995525,0
WHLR.US,D,20190109,000000,11692800,11692800,10080000,11692800,0.00387192,0
WHLR.US,D,20190110,000000,11390400,11390400,11095070,11289600,0.00264365,0
WHLR.US,D,20190111,000000,11692800,11692800,10080000,10584000,0.0139078,0
WHLR.US,D,20190114,000000,10886400,11016460,10483200,10785600,0.001507635,0
WHLR.US,D,20190115,000000,11088000,11088000,9981230,10382400,0.0171348,0
WHLR.US,D,20190116,000000,10785600,10785600,9928800,10584000,0.0106577,0
WHLR.US,D,20190117,000000,10080000,10886400,9878400,9878400,0.00741865,0
WHLR.US,D,20190118,000000,10281600,10483200,9777600,10190880,0.004126385,0
WHLR.US,D,20190122,000000,10584000,11134340,9979200,10029600,0.00804165,0
WHLR.US,D,20190123,000000,9999360,10584000,9574950,9676800,0.01199375,0
WHLR.US,D,20190124,000000,9584050,10496290,9584050,9984240,0.0026744,0
WHLR.US,D,20190125,000000,10180800,11489170,9778580,11088000,0.0142989,0
WHLR.US,D,20190128,000000,11491200,16632000,11491200,16329600,0.04101415,0
WHLR.US,D,20190129,000000,17438400,19152000,14112000,18043200,0.03566725,0
WHLR.US,D,20190130,000000,17942400,18547200,15343720,17438400,0.01121415,0
WHLR.US,D,20190131,000000,18144000,18144000,16714600,17136000,0.00585005,0
WHLR.US,D,20190201,000000,17136000,18244800,16632000,18144000,0.00531575,0
WHLR.US,D,20190204,000000,19051200,19051200,17144120,17539200,0.004115375,0
WHLR.US,D,20190205,000000,17337600,17539200,16632000,16632000,0.0077977,0
WHLR.US,D,20190206,000000,16329600,17740800,16329600,17337600,0.003876585,0
WHLR.US,D,20190207,000000,16531200,17136000,16329600,16329600,0.00319107,0
WHLR.US,D,20190208,000000,16430400,16788240,16330580,16531200,0.001009225,0
WHLR.US,D,20190211,000000,16430400,17640000,16329600,17236800,0.003136805,0
WHLR.US,D,20190212,000000,17035200,19515860,17035200,17438400,0.01071825,0
WHLR.US,D,20190213,000000,17740800,18747820,17263960,18144000,0.00500615,0
WHLR.US,D,20190214,000000,18345600,19252800,17640000,17942400,0.003423805,0
WHLR.US,D,20190215,000000,18144000,19152000,18046280,18345600,0.00494236,0
WHLR.US,D,20190219,000000,18446400,18748800,18144000,18446400,0.002370235,0
WHLR.US,D,20190220,000000,18547200,21939120,18547200,19152000,0.0324081,0
WHLR.US,D,20190221,000000,19857600,19961480,18446400,19152000,0.0082472,0
WHLR.US,D,20190222,000000,19152000,19524960,18368840,18748800,0.004150595,0
WHLR.US,D,20190225,000000,18748800,19453420,18748800,19051200,0.00273601,0
WHLR.US,D,20190226,000000,19885880,19885880,18043200,18086600,0.00342083,0
WHLR.US,D,20190227,000000,17942400,19442360,17751860,19152000,0.00543055,0
WHLR.US,D,20190228,000000,18950400,20966400,18748800,20057240,0.00721265,0
WHLR.US,D,20190301,000000,20664000,21672000,19843460,20563200,0.002422615,0
WHLR.US,D,20190304,000000,21168000,21630700,19353600,20260800,0.0054746,0
WHLR.US,D,20190305,000000,20160000,20260800,19454400,19454400,0.003194145,0
WHLR.US,D,20190306,000000,19555200,20160000,18648000,18648000,0.004515175,0
WHLR.US,D,20190307,000000,18849600,19252800,18739700,19252800,0.00106617,0
WHLR.US,D,20190308,000000,19252800,19252800,18144000,18620840,0.003046525,0
WHLR.US,D,20190311,000000,19353600,19410020,17323460,18547200,0.0052226,0
WHLR.US,D,20190312,000000,18648000,18648000,17426360,18345600,0.002977775,0
WHLR.US,D,20190313,000000,18345600,18547200,16934400,16934400,0.004825,0
WHLR.US,D,20190314,000000,16732800,17538220,15321600,16329600,0.0051444,0
WHLR.US,D,20190315,000000,16531200,17438400,16340660,16934400,0.00104851,0
WHLR.US,D,20190318,000000,17136000,17740800,17035200,17539200,0.001411605,0
WHLR.US,D,20190319,000000,17740800,18144000,16531200,16531200,0.000597715,0
WHLR.US,D,20190320,000000,17136000,19353600,17136000,19353600,0.00215982,0
WHLR.US,D,20190321,000000,19656000,19656000,18365760,19454400,0.00235099,0
WHLR.US,D,20190322,000000,18816280,19490660,17146080,19353600,0.00230248,0
WHLR.US,D,20190325,000000,18446400,18547200,17553340,17640000,0.001606545,0
WHLR.US,D,20190326,000000,16531200,18043200,16430400,16531200,0.00121081,0
WHLR.US,D,20190327,000000,17035200,17437420,16430400,16632000,0.002842855,0
WHLR.US,D,20190328,000000,16833600,17235820,15120000,16531200,0.00650495,0
WHLR.US,D,20190329,000000,16430400,16632000,14717780,15019200,0.0080747,0
WHLR.US,D,20190401,000000,15523200,16430400,15239000,16329600,0.00187728,0
WHLR.US,D,20190402,000000,16329600,16632000,15825600,16128000,0.002154165,0
WHLR.US,D,20190403,000000,15926400,16632000,15926400,16373000,0.00118859,0
WHLR.US,D,20190404,000000,16531200,16632000,15927380,16531200,0.002511305,0
WHLR.US,D,20190405,000000,16228800,16732800,16128000,16430400,0.00146835,0
WHLR.US,D,20190408,000000,16128000,16531200,16039240,16531200,0.001058825,0
WHLR.US,D,20190409,000000,16027200,16531200,16027200,16474780,0.00127698,0
WHLR.US,D,20190410,000000,16228800,16350740,15120000,15926400,0.00252242,0
WHLR.US,D,20190411,000000,16027200,16732800,15724800,16732800,0.00382212,0
WHLR.US,D,20190412,000000,16934400,17236800,16531200,17236800,0.001775,0
WHLR.US,D,20190415,000000,16934400,18144000,16934400,17740800,0.002797915,0
WHLR.US,D,20190416,000000,17438400,19152000,17236800,18648000,0.00346994,0
WHLR.US,D,20190417,000000,18648000,20059200,18116840,19656000,0.00535605,0
WHLR.US,D,20190418,000000,20260800,20260800,18648000,19756800,0.00513835,0
WHLR.US,D,20190422,000000,19353600,20059200,18950400,18950400,0.0062495,0
WHLR.US,D,20190423,000000,19353600,21772800,19045180,21722400,0.0069601,0
WHLR.US,D,20190424,000000,22075200,27619200,21369600,24192000,0.0207199,0
WHLR.US,D,20190425,000000,24796800,25200000,21370580,23990400,0.0077223,0
WHLR.US,D,20190426,000000,23990400,25200000,23990400,24595200,0.00279077,0
WHLR.US,D,20190429,000000,24192000,25200000,23990400,24897600,0.00459375,0
WHLR.US,D,20190430,000000,24091200,25181800,23990400,24292800,0.00642555,0
WHLR.US,D,20190501,000000,23990400,26208000,23284800,23486400,0.0087117,0
WHLR.US,D,20190502,000000,23990400,24192000,22377600,22404760,0.003716465,0
WHLR.US,D,20190503,000000,22075200,23688000,21772800,23284800,0.00290565,0
WHLR.US,D,20190506,000000,23688000,23688000,22777720,23284800,0.00238462,0
WHLR.US,D,20190507,000000,23385600,23587200,22176000,22680000,0.00083581,0
WHLR.US,D,20190508,000000,22276800,23486400,21571200,22276800,0.0057466,0
WHLR.US,D,20190509,000000,22075200,22825180,22075200,22176000,0.000969045,0
WHLR.US,D,20190510,000000,22176000,22579200,20462400,22579200,0.002851585,0
WHLR.US,D,20190513,000000,22780800,22780800,21470400,22176000,0.00143621,0
WHLR.US,D,20190514,000000,22075200,22276800,22075200,22176000,0.00168353,0
WHLR.US,D,20190515,000000,22579200,22680000,22176000,22489460,0.000323214,0
WHLR.US,D,20190516,000000,22377600,22680000,22350440,22377600,0.00046369,0
WHLR.US,D,20190517,000000,22529780,22680000,22377600,22377600,0.001044045,0
WHLR.US,D,20190520,000000,22075200,22680000,22075200,22680000,0.00131835,0
WHLR.US,D,20190521,000000,22579200,22579200,19908000,20412000,0.0085323,0
WHLR.US,D,20190522,000000,19857600,20311200,19857600,19958400,0.001914185,0
WHLR.US,D,20190523,000000,20694240,20694240,19152980,19958400,0.002598015,0
WHLR.US,D,20190524,000000,20160000,20160000,19152000,19595520,0.001177575,0
WHLR.US,D,20190528,000000,19152000,19656000,17931340,18950400,0.0065986,0
WHLR.US,D,20190529,000000,19252800,19252800,16732800,17136000,0.00265972,0
WHLR.US,D,20190530,000000,16632000,20083420,16531200,17539200,0.0078737,0
WHLR.US,D,20190531,000000,18748800,18849600,16833600,16833600,0.00278571,0
WHLR.US,D,20190603,000000,17337600,18446400,16833600,17740800,0.001157635,0
WHLR.US,D,20190604,000000,16737840,18362680,16737840,18244800,0.001049305,0
WHLR.US,D,20190605,000000,17025120,17942400,16833600,17942400,0.001190575,0
WHLR.US,D,20190606,000000,17236800,18043200,17236800,18043200,0.001270535,0
WHLR.US,D,20190607,000000,17438400,17942400,17136000,17539200,0.001665475,0
WHLR.US,D,20190610,000000,17236800,17942400,17236800,17640000,0.00070853,0
WHLR.US,D,20190611,000000,17640000,18648000,17438400,18547200,0.001200095,0
WHLR.US,D,20190612,000000,17337600,18547200,17337600,17829560,0.000532735,0
WHLR.US,D,20190613,000000,18043200,18446400,17969560,18446400,0.000792955,0
WHLR.US,D,20190614,000000,18648000,18648000,17136000,17942400,0.000785115,0
WHLR.US,D,20190617,000000,17539200,18648000,17539200,17640000,0.001206745,0
WHLR.US,D,20190618,000000,18345600,18562320,17229800,18345600,0.000691265,0
WHLR.US,D,20190619,000000,18648000,18648000,17640000,17841600,0.00119067,0
WHLR.US,D,20190620,000000,17539200,18143020,17136000,17236800,0.000953075,0
WHLR.US,D,20190621,000000,17035200,17640000,15926400,15926400,0.01232655,0
WHLR.US,D,20190624,000000,16128000,16934400,15321600,16228800,0.00203313,0
WHLR.US,D,20190625,000000,16329600,16329600,15120000,15926400,0.003521825,0
WHLR.US,D,20190626,000000,15523200,16127020,12705840,15120000,0.00606275,0
WHLR.US,D,20190627,000000,15120000,16127020,13608000,14414400,0.00215565,0
WHLR.US,D,20190628,000000,14212800,16774100,14011200,14011200,0.004035615,0
WHLR.US,D,20190701,000000,14112000,16606800,14112000,15093820,0.00229345,0
WHLR.US,D,20190702,000000,14918400,16422280,14716800,15624000,0.005122,0
WHLR.US,D,20190703,000000,16228800,16228800,15120000,15120000,0.0003267855,0
WHLR.US,D,20190705,000000,15926400,16027200,15120000,15120000,0.00397123,0
WHLR.US,D,20190708,000000,15120000,15825600,14918400,15120000,0.000712,0
WHLR.US,D,20190709,000000,15120000,15321600,14817600,15321600,0.00104871,0
WHLR.US,D,20190710,000000,15448580,16833600,14918400,16027200,0.00493482,0
WHLR.US,D,20190711,000000,16128000,16934400,15529220,16934400,0.003678075,0
WHLR.US,D,20190712,000000,16833600,17539200,16128000,16430400,0.004479065,0
WHLR.US,D,20190715,000000,16833600,17136000,16531200,17136000,0.000439087,0
WHLR.US,D,20190716,000000,16934400,17539200,16581600,17136000,0.00291696,0
WHLR.US,D,20190717,000000,17438400,17539200,16156280,17438400,0.00067847,0
WHLR.US,D,20190718,000000,17100720,17457580,16308460,16531200,0.00134732,0
WHLR.US,D,20190719,000000,16430400,17539200,16430400,17438400,0.00055982,0
WHLR.US,D,20190722,000000,16732800,17499860,16229780,16632000,0.000646625,0
WHLR.US,D,20190723,000000,16732800,17136000,16531200,16732800,0.0003810515,0
WHLR.US,D,20190724,000000,16632000,17438400,16531200,17010000,0.00113323,0
WHLR.US,D,20190725,000000,16835560,17136000,16228800,16228800,0.001167855,0
WHLR.US,D,20190726,000000,16329600,17095680,15120000,16329600,0.00066438,0
WHLR.US,D,20190729,000000,16732800,18144000,16128000,16128000,0.0071694,0
WHLR.US,D,20190730,000000,15926400,17438400,15624000,16128000,0.001021725,0
WHLR.US,D,20190731,000000,16128000,17640000,16128000,16632000,0.00185188,0
WHLR.US,D,20190801,000000,16732800,17353700,16231880,17337600,0.0003590275,0
WHLR.US,D,20190802,000000,16833600,16934400,15926400,16430400,0.001510015,0
WHLR.US,D,20190805,000000,16229780,16380000,15120000,15120000,0.00177331,0
WHLR.US,D,20190806,000000,16128000,16531200,14918400,15120000,0.00259613,0
WHLR.US,D,20190807,000000,15120000,15264200,13490050,14918400,0.004143945,0
WHLR.US,D,20190808,000000,15019200,16632000,13608000,13608000,0.00681395,0
WHLR.US,D,20190809,000000,14346920,14346920,12600000,13104000,0.003003965,0
WHLR.US,D,20190812,000000,13619060,13785380,11692800,11793600,0.001725095,0
WHLR.US,D,20190813,000000,12096000,13104000,12096000,13104000,0.001491865,0
WHLR.US,D,20190814,000000,13003200,13003200,11541600,11844000,0.00280446,0
WHLR.US,D,20190815,000000,11793600,12700800,11390400,11491200,0.0002195435,0
WHLR.US,D,20190816,000000,11492180,12807620,11289600,12439700,0.0024875,0
WHLR.US,D,20190819,000000,11793600,12671540,10650500,11894400,0.00398105,0
WHLR.US,D,20190820,000000,11508350,11894400,11390400,11448850,0.00133869,0
WHLR.US,D,20190821,000000,11592000,11793600,10180800,11793600,0.00178581,0
WHLR.US,D,20190822,000000,11188800,11340000,11178720,11188800,0.00056111,0
WHLR.US,D,20190823,000000,11088000,11143440,10785600,10886400,0.002409325,0
WHLR.US,D,20190826,000000,10886400,10965010,10799740,10965010,0.000292063,0
WHLR.US,D,20190827,000000,11176690,11176690,10684800,11167660,0.000725295,0
WHLR.US,D,20190828,000000,10584000,14582680,10584000,13608000,0.0065617,0
WHLR.US,D,20190829,000000,14011200,15120000,13003200,14918400,0.00559215,0
WHLR.US,D,20190830,000000,15120000,15624000,13708800,15019200,0.00249732,0
WHLR.US,D,20190903,000000,14515200,14584780,12676580,13809600,0.001179265,0
WHLR.US,D,20190904,000000,13895280,14817600,13895280,14616000,0.0018621,0
WHLR.US,D,20190905,000000,15220800,15220800,14112000,14414400,0.001255355,0
WHLR.US,D,20190906,000000,15080660,15080660,13411440,14011200,0.000523015,0
WHLR.US,D,20190909,000000,14011200,15422400,13507200,15422400,0.000476587,0
WHLR.US,D,20190910,000000,15523200,15523200,13603940,13809600,0.00956565,0
WHLR.US,D,20190911,000000,14414400,15120000,13692700,14404320,0.00554365,0
WHLR.US,D,20190912,000000,13910400,13918450,13104000,13597920,0.00280198,0
WHLR.US,D,20190913,000000,14187600,15019200,13222930,14565600,0.00291706,0
WHLR.US,D,20190916,000000,15019200,15220800,14263200,14616000,0.00250575,0
WHLR.US,D,20190917,000000,15019200,15019200,14212800,14616000,0.00225823,0
WHLR.US,D,20190918,000000,14616000,15120000,13910400,15120000,0.00321835,0
WHLR.US,D,20190919,000000,14515200,15120000,13788460,14515200,0.00229325,0
WHLR.US,D,20190920,000000,14918400,14918400,13104000,14716800,0.003970335,0
WHLR.US,D,20190923,000000,14515200,14716800,13910400,13910400,0.003285115,0
WHLR.US,D,20190924,000000,14313600,18144000,14259140,16934400,0.00846495,0
WHLR.US,D,20190925,000000,16632000,17252900,14824600,15220800,0.00196865,0
WHLR.US,D,20190926,000000,15321600,17547320,14817600,15185520,0.00238343,0
WHLR.US,D,20190927,000000,15926400,16934400,15523200,16128000,0.000300694,0
WHLR.US,D,20190930,000000,15724800,17135020,15624000,15624000,0.002025095,0
WHLR.US,D,20191001,000000,16329600,16833600,16329600,16833600,0.000459226,0
WHLR.US,D,20191002,000000,16934400,17136000,16430400,17035200,0.003023015,0
WHLR.US,D,20191003,000000,17136000,17136000,15765120,17136000,0.001576485,0
WHLR.US,D,20191004,000000,17136000,17136000,15841700,16632000,0.001876385,0
WHLR.US,D,20191007,000000,16430400,17640000,16334640,17640000,0.00205198,0
WHLR.US,D,20191008,000000,17740800,17740800,17337600,17640000,0.00061974,0
WHLR.US,D,20191009,000000,16336600,17640000,16336600,17337600,0.001569145,0
WHLR.US,D,20191010,000000,17337600,17337600,16632000,16632000,0.00080724,0
WHLR.US,D,20191011,000000,17488800,17539200,16778160,17236800,0.00056706,0
WHLR.US,D,20191014,000000,16751000,17640000,16732800,17539200,0.00246845,0
WHLR.US,D,20191015,000000,17539200,17640000,16762060,17035200,0.000886805,0
WHLR.US,D,20191016,000000,17161200,17539200,17136000,17236800,0.000765375,0
WHLR.US,D,20191017,000000,17236800,17388000,17119900,17321500,0.000800395,0
WHLR.US,D,20191018,000000,17035200,17640000,17035200,17256960,0.000477083,0
WHLR.US,D,20191021,000000,17640000,17640000,16934400,16934400,0.00404494,0
WHLR.US,D,20191022,000000,17316460,17740800,17036180,17740800,0.00294613,0
WHLR.US,D,20191023,000000,17316460,18748800,17136000,18648000,0.002460115,0
WHLR.US,D,20191024,000000,18648000,18764900,17323460,17740800,0.00136468,0
WHLR.US,D,20191025,000000,17438400,18648000,16833600,17492860,0.0002849205,0
WHLR.US,D,20191028,000000,18244800,18244800,13708800,17841600,0.00419464,0
WHLR.US,D,20191029,000000,17841600,18748800,17571400,18043200,0.004864285,0
WHLR.US,D,20191030,000000,18446400,23587200,18270980,19221580,0.0211601,0
WHLR.US,D,20191031,000000,19555200,23486400,19152000,19152000,0.00516635,0
WHLR.US,D,20191101,000000,21672000,22478400,20527920,20865600,0.00264246,0
WHLR.US,D,20191104,000000,21168000,23990400,21168000,23184000,0.01072525,0
WHLR.US,D,20191105,000000,22680000,24494400,22075200,22982400,0.0080347,0
WHLR.US,D,20191106,000000,22982400,24393600,20462400,23184000,0.003907935,0
WHLR.US,D,20191107,000000,23788800,23788800,22129660,22982400,0.004613885,0
WHLR.US,D,20191108,000000,23131640,23131640,18748800,21067200,0.0083738,0
WHLR.US,D,20191111,000000,18648000,21772800,18244800,20929160,0.00138224,0
WHLR.US,D,20191112,000000,20160000,22075200,20160000,20864620,0.00035119,0
WHLR.US,D,20191113,000000,22075200,22075200,17892000,18849600,0.00238234,0
WHLR.US,D,20191114,000000,20160000,20466460,20160000,20160000,0.001515375,0
WHLR.US,D,20191115,000000,20160000,20462400,18738720,18968600,0.001075495,0
WHLR.US,D,20191118,000000,18950400,19756800,18144000,19051200,0.00112371,0
WHLR.US,D,20191119,000000,19152000,22176000,19152000,21268800,0.00281825,0
WHLR.US,D,20191120,000000,21470400,22103480,20260800,21470400,0.00152212,0
WHLR.US,D,20191121,000000,21772800,21772800,20059200,20664000,0.002055355,0
WHLR.US,D,20191122,000000,20361600,21470400,20260800,20764800,0.0013122,0
WHLR.US,D,20191125,000000,20865600,21571200,19252800,19353600,0.00069335,0
WHLR.US,D,20191126,000000,20764800,20764800,19353600,19353600,0.00236369,0
WHLR.US,D,20191127,000000,19252800,19555200,18228700,18849600,0.00364345,0
WHLR.US,D,20191129,000000,18849600,19051200,18849600,19051200,0.000531745,0
WHLR.US,D,20191202,000000,19252800,20160000,18849600,19555200,0.00184593,0
WHLR.US,D,20191203,000000,19252800,19857600,18748800,19857600,0.0051573,0
WHLR.US,D,20191204,000000,19756800,21067200,19051200,20664000,0.00333373,0
WHLR.US,D,20191205,000000,20059200,20865600,18446400,18950400,0.00244484,0
WHLR.US,D,20191206,000000,19756800,20260800,18641980,19756800,0.001606345,0
WHLR.US,D,20191209,000000,19555200,19555200,18547200,18648000,0.001162,0
WHLR.US,D,20191210,000000,19555200,19555200,18805220,19353600,0.000234623,0
WHLR.US,D,20191211,000000,19152000,19152000,17640000,17640000,0.00390367,0
WHLR.US,D,20191212,000000,17841600,18849600,17841600,18849600,0.002290575,0
WHLR.US,D,20191213,000000,18446400,18648000,17762920,18648000,0.001119045,0
WHLR.US,D,20191216,000000,18648000,19152000,18345600,19152000,0.001267555,0
WHLR.US,D,20191217,000000,18346580,20966400,18346580,20966400,0.003216365,0
WHLR.US,D,20191218,000000,20160000,20160000,18547200,19958400,0.002007835,0
WHLR.US,D,20191219,000000,20059200,21672000,18781000,20361600,0.00945485,0
WHLR.US,D,20191220,000000,19756800,20698300,19756800,20059200,0.00179454,0
WHLR.US,D,20191223,000000,19756800,20160000,18849600,20160000,0.0031375,0
WHLR.US,D,20191224,000000,19383840,20059200,19383840,19857600,0.000265575,0
WHLR.US,D,20191226,000000,19454400,19908000,19152000,19252800,0.00068819,0
WHLR.US,D,20191227,000000,18849600,19535040,18648000,18950400,0.001540375,0
WHLR.US,D,20191230,000000,18667180,18667180,16178400,16329600,0.00717945,0
WHLR.US,D,20191231,000000,17337600,17835580,16128000,16531200,0.003537,0
WHLR.US,D,20200102,000000,16934400,17539200,16128000,16128000,0.00185466,0
WHLR.US,D,20200103,000000,17035200,17136000,16128000,16430400,0.00264702,0
WHLR.US,D,20200106,000000,16632000,18950400,16632000,17136000,0.00309742,0
WHLR.US,D,20200107,000000,17740800,18950400,17715600,17992800,0.00680375,0
WHLR.US,D,20200108,000000,17539200,18446400,17539200,17740800,0.002640075,0
WHLR.US,D,20200109,000000,17640000,18547200,17640000,18345600,0.00428859,0
WHLR.US,D,20200110,000000,18445420,18445420,17589600,17640000,0.00174325,0
WHLR.US,D,20200113,000000,18446400,18547200,17136000,17136000,0.00925155,0
WHLR.US,D,20200114,000000,17942400,18144000,17526040,17942400,0.004518845,0
WHLR.US,D,20200115,000000,17690400,18144000,17337600,17640000,0.003856345,0
WHLR.US,D,20200116,000000,17892000,18144000,17740800,17841600,0.00387589,0
WHLR.US,D,20200117,000000,18040120,18345600,17942400,18043200,0.001448905,0
WHLR.US,D,20200121,000000,18244800,18244800,17330600,17438400,0.001183925,0
WHLR.US,D,20200122,000000,17337600,17640000,17252900,17539200,0.00602955,0
WHLR.US,D,20200123,000000,17136000,17740800,16635080,17539200,0.003195035,0
WHLR.US,D,20200124,000000,17337600,17539200,16930340,17136000,0.001053075,0
WHLR.US,D,20200127,000000,17136000,17640000,16934400,17136000,0.00328482,0
WHLR.US,D,20200128,000000,16934400,17640000,16934400,17640000,0.00238224,0
WHLR.US,D,20200129,000000,17640000,17640000,17163160,17532200,0.00274474,0
WHLR.US,D,20200130,000000,17740800,17740800,16934400,17337600,0.00316984,0
WHLR.US,D,20200131,000000,17236800,17539200,17136000,17539200,0.00143373,0
WHLR.US,D,20200203,000000,17640000,17740800,17136000,17136000,0.003111405,0
WHLR.US,D,20200204,000000,17539200,17640000,17256960,17539200,0.00210952,0
WHLR.US,D,20200205,000000,17640000,17640000,17236800,17438400,0.000506545,0
WHLR.US,D,20200206,000000,17465560,17465560,17333540,17438400,0.0001581345,0
WHLR.US,D,20200207,000000,17355800,17640000,17326540,17640000,0.00137609,0
WHLR.US,D,20200210,000000,17494820,18043200,17438400,17640000,0.00910385,0
WHLR.US,D,20200211,000000,17968580,18182360,17640000,18144000,0.01651695,0
WHLR.US,D,20200212,000000,18144000,18244800,17640000,17942400,0.00069335,0
WHLR.US,D,20200213,000000,17640000,18144000,17136000,17617880,0.00832935,0
WHLR.US,D,20200214,000000,18144000,18144000,17640000,17690400,0.000375694,0
WHLR.US,D,20200218,000000,17136000,17573500,17136000,17539200,0.00221121,0
WHLR.US,D,20200219,000000,17570420,17640000,17347680,17640000,0.0003855155,0
WHLR.US,D,20200220,000000,17640000,17730720,17337600,17337600,0.001034225,0
WHLR.US,D,20200221,000000,17121860,17337600,16907240,16934400,0.000743055,0
WHLR.US,D,20200224,000000,16732800,16833600,16204580,16316440,0.002202775,0
WHLR.US,D,20200225,000000,16632000,16632000,15523200,15926400,0.00137222,0
WHLR.US,D,20200226,000000,15926400,15926400,15240960,15724800,0.000923015,0
WHLR.US,D,20200227,000000,15422400,15624000,14918400,14918400,0.002550095,0
WHLR.US,D,20200228,000000,14313600,15069600,13406400,15019200,0.004357935,0
WHLR.US,D,20200302,000000,15321600,15523200,14674520,15321600,0.00120565,0
WHLR.US,D,20200303,000000,15220800,15635060,14414400,14716800,0.00388988,0
WHLR.US,D,20200304,000000,15321600,15624000,14918400,15220800,0.004451685,0
WHLR.US,D,20200305,000000,15120000,15523200,14212800,15120000,0.00225486,0
WHLR.US,D,20200306,000000,13910400,15120000,13708800,14212800,0.003630355,0
WHLR.US,D,20200309,000000,14212800,14212800,13508180,13508180,0.002914185,0
WHLR.US,D,20200310,000000,14011200,14011200,13364050,13608000,0.0051814,0
WHLR.US,D,20200311,000000,13809600,13809600,13104000,13204800,0.0053247,0
WHLR.US,D,20200312,000000,11793600,13608000,11793600,13507200,0.00631775,0
WHLR.US,D,20200313,000000,14112000,14112000,13268290,13910400,0.0004863095,0
WHLR.US,D,20200316,000000,13003200,13406400,10684800,12096000,0.0094709,0
WHLR.US,D,20200317,000000,12096000,12398400,10599120,12096000,0.002558035,0
WHLR.US,D,20200318,000000,12096000,12096000,10180800,10281600,0.003224205,0
WHLR.US,D,20200319,000000,10080000,10584000,9072000,9631440,0.003331845,0
WHLR.US,D,20200320,000000,9979200,10080000,9828000,9963100,0.00216954,0
WHLR.US,D,20200323,000000,9723140,10059840,8668800,9097200,0.0017745,0
WHLR.US,D,20200324,000000,9576000,9576000,6451200,8970150,0.00251815,0
WHLR.US,D,20200325,000000,9372370,9475200,8623440,9338140,0.001441665,0
WHLR.US,D,20200326,000000,9273600,10684800,8568000,10684800,0.002191665,0
WHLR.US,D,20200327,000000,11188800,11188800,8084160,8286740,0.002666865,0
WHLR.US,D,20200330,000000,8286740,9404640,8286740,8578080,0.000941265,0
WHLR.US,D,20200331,000000,8668800,14716800,8115380,10080000,0.01110105,0
WHLR.US,D,20200401,000000,10382400,11692800,10061870,10987200,0.001175095,0
WHLR.US,D,20200402,000000,10180800,11692800,9569980,11592000,0.002621725,0
WHLR.US,D,20200403,000000,10987200,10987200,9172800,10080000,0.0004547615,0
WHLR.US,D,20200406,000000,10080000,11086950,10059840,10080000,0.000563785,0
WHLR.US,D,20200407,000000,9588110,10922660,9588110,10785600,0.001348115,0
WHLR.US,D,20200408,000000,10382400,10987200,10080000,10987200,0.0003998015,0
WHLR.US,D,20200409,000000,12214930,12600000,10785600,11692800,0.0016872,0
WHLR.US,D,20200413,000000,11491200,11692800,11098080,11491200,0.0004493055,0
WHLR.US,D,20200414,000000,12297600,13406400,10785600,11592000,0.002987895,0
WHLR.US,D,20200415,000000,12398400,12399380,11152540,11289600,0.00163313,0
WHLR.US,D,20200416,000000,11692800,11966990,10792670,11289600,0.002530155,0
WHLR.US,D,20200417,000000,12600000,12600000,10785600,12096000,0.00740295,0
WHLR.US,D,20200420,000000,11510310,12598950,11510310,12598950,0.000513095,0
WHLR.US,D,20200421,000000,12297600,15120000,11944800,15120000,0.00142867,0
WHLR.US,D,20200422,000000,15120000,15926400,11793600,15220800,0.0053357,0
WHLR.US,D,20200423,000000,15321600,15926400,12902400,13507200,0.001014185,0
WHLR.US,D,20200424,000000,14313600,14440580,11592980,14440580,0.0006749,0
WHLR.US,D,20200427,000000,15926400,15926400,13305600,13910400,0.000716665,0
WHLR.US,D,20200428,000000,15220800,15321600,13305600,13305600,0.00070595,0
WHLR.US,D,20200429,000000,15132040,15220800,14021280,15019200,0.00156984,0
WHLR.US,D,20200430,000000,15120000,15120000,14212800,15019200,0.0004206345,0
WHLR.US,D,20200501,000000,15019200,15120000,13708800,13718880,0.000335119,0
WHLR.US,D,20200504,000000,14313600,14313600,13003200,13406400,0.0007123,0
WHLR.US,D,20200505,000000,12700800,13204800,10584000,11592000,0.01436455,0
WHLR.US,D,20200506,000000,11088000,12226060,9878400,10533600,0.0083862,0
WHLR.US,D,20200507,000000,10584000,11611110,10180800,10180800,0.0022624,0
WHLR.US,D,20200508,000000,10281600,11390400,10281600,10886400,0.001369045,0
WHLR.US,D,20200511,000000,11289600,11491200,10281600,10281600,0.00284613,0
WHLR.US,D,20200512,000000,10785600,13204800,10785600,11491200,0.00840095,0
WHLR.US,D,20200513,000000,10987200,11692800,10886400,11289600,0.00363085,0
WHLR.US,D,20200514,000000,11289600,16128000,11289600,14212800,0.0199732,0
WHLR.US,D,20200515,000000,14011200,15019200,12297600,13154400,0.00239236,0
WHLR.US,D,20200518,000000,12700800,13104000,10846080,12096000,0.00441121,0
WHLR.US,D,20200519,000000,12600000,13305600,11894400,13140260,0.0054624,0
WHLR.US,D,20200520,000000,13104000,15422400,13104000,15120000,0.00350198,0
WHLR.US,D,20200521,000000,15120000,15120000,12096000,12801600,0.0098238,0
WHLR.US,D,20200522,000000,12801600,14112000,12297600,13406400,0.005757,0
WHLR.US,D,20200526,000000,15120000,15120000,13053600,13910400,0.00941675,0
WHLR.US,D,20200527,000000,14112000,14414400,13104000,13507200,0.00730275,0
WHLR.US,D,20200528,000000,14212800,16128000,13507200,14414400,0.0161328,0
WHLR.US,D,20200529,000000,14313600,15523200,13809600,14414400,0.0077726,0
WHLR.US,D,20200601,000000,14011200,14918400,13809600,14515200,0.00322619,0
WHLR.US,D,20200602,000000,14112000,14817600,14011200,14515200,0.01409215,0
WHLR.US,D,20200603,000000,13910400,14716800,13910400,14389200,0.00652795,0
WHLR.US,D,20200604,000000,14011200,16632000,14011200,16531200,0.00961635,0
WHLR.US,D,20200605,000000,17236800,20916000,17236800,20361600,0.0173857,0
WHLR.US,D,20200608,000000,22276800,22680000,20966400,21470400,0.01049285,0
WHLR.US,D,20200609,000000,21268800,21470400,18747820,19051200,0.005683,0
WHLR.US,D,20200610,000000,18748800,19404000,18446400,19252800,0.004010115,0
WHLR.US,D,20200611,000000,18244800,19065340,17136000,17196480,0.0059621,0
WHLR.US,D,20200612,000000,22680000,22780800,16632000,18144000,0.00321855,0
WHLR.US,D,20200615,000000,15724800,19454400,15624000,17236800,0.00199236,0
WHLR.US,D,20200616,000000,17539200,18446400,15927380,16907240,0.0017622,0
WHLR.US,D,20200617,000000,16531200,18043200,16239860,17841600,0.001997915,0
WHLR.US,D,20200618,000000,17640000,18244800,17337600,17438400,0.000210218,0
WHLR.US,D,20200619,000000,17942400,19252800,17841600,19152000,0.004694145,0
WHLR.US,D,20200622,000000,18345600,19044200,15120000,16632000,0.00775,0
WHLR.US,D,20200623,000000,16632000,17639020,16178400,16228800,0.001876785,0
WHLR.US,D,20200624,000000,17539200,17639020,16329600,17136000,0.00791455,0
WHLR.US,D,20200625,000000,17539200,18043200,16833600,17337600,0.00132718,0
WHLR.US,D,20200626,000000,17438400,17840620,15876980,16732800,0.001848015,0
WHLR.US,D,20200629,000000,16329600,17740800,16329600,17337600,0.004555555,0
WHLR.US,D,20200630,000000,17841600,18648000,16751980,17539200,0.00616365,0
WHLR.US,D,20200701,000000,17740800,19152000,17740800,19152000,0.00234623,0
WHLR.US,D,20200702,000000,18547200,19555200,18547200,19152000,0.00155198,0
WHLR.US,D,20200706,000000,20059200,20069280,18748800,19202400,0.003131645,0
WHLR.US,D,20200707,000000,19756800,21016800,19556180,19857600,0.0102839,0
WHLR.US,D,20200708,000000,20160000,20664000,18849600,20361600,0.002769045,0
WHLR.US,D,20200709,000000,20664000,20664000,19152000,19353600,0.00195942,0
WHLR.US,D,20200710,000000,19353600,21470400,19353600,21067200,0.00550025,0
WHLR.US,D,20200713,000000,21067200,21571200,19958400,20260800,0.00530335,0
WHLR.US,D,20200714,000000,20664000,21298060,19152000,19807200,0.0053485,0
WHLR.US,D,20200715,000000,19758760,20664000,19757780,20160000,0.00081349,0
WHLR.US,D,20200716,000000,20764800,21067200,19857600,19857600,0.001649105,0
WHLR.US,D,20200717,000000,20160000,20664000,19857600,20462400,0.00097113,0
WHLR.US,D,20200720,000000,20482560,20482560,17337600,19252800,0.00471369,0
WHLR.US,D,20200721,000000,19756800,20040020,19152000,19152000,0.00088591,0
WHLR.US,D,20200722,000000,19152000,19152000,18043200,19152000,0.00151845,0
WHLR.US,D,20200723,000000,18849600,19152000,18345600,18446400,0.00145565,0
WHLR.US,D,20200724,000000,18346580,19454400,18345600,19454400,0.0007873,0
WHLR.US,D,20200727,000000,19454400,19454400,17752840,17806320,0.00140486,0
WHLR.US,D,20200728,000000,17740800,17740800,17136000,17236800,0.003097815,0
WHLR.US,D,20200729,000000,17640000,18849600,17640000,18849600,0.00176567,0
WHLR.US,D,20200730,000000,17841600,18089540,17841600,17841600,0.000134325,0
WHLR.US,D,20200731,000000,17539200,18849600,17338580,18648000,0.001678765,0
WHLR.US,D,20200803,000000,18648000,18849600,18446400,18648000,0.00067242,0
WHLR.US,D,20200804,000000,18144000,18849600,17879960,17942400,0.000536505,0
WHLR.US,D,20200805,000000,18244800,18849600,17640000,18849600,0.00170496,0
WHLR.US,D,20200806,000000,18597600,20563200,18116840,20059200,0.0061373,0
WHLR.US,D,20200807,000000,19958400,22377600,19958400,22377600,0.0076109,0
WHLR.US,D,20200810,000000,22680000,25300800,22680000,24192000,0.0092226,0
WHLR.US,D,20200811,000000,23688000,26177760,22680000,22881600,0.00393075,0
WHLR.US,D,20200812,000000,22680000,25091080,22680000,24011540,0.002231545,0
WHLR.US,D,20200813,000000,24696000,24696000,23587200,24574060,0.002307735,0
WHLR.US,D,20200814,000000,24897600,24998400,23486400,24494400,0.0025119,0
WHLR.US,D,20200817,000000,24091200,27720000,23184000,25804800,0.0058972,0
WHLR.US,D,20200818,000000,26208000,26208000,25099200,25149600,0.00192063,0
WHLR.US,D,20200819,000000,24594220,27720000,24594220,27417600,0.0055577,0
WHLR.US,D,20200820,000000,26409600,34473600,26409600,29635200,0.0149355,0
WHLR.US,D,20200821,000000,30240000,31752000,28828800,30441600,0.0132592,0
WHLR.US,D,20200824,000000,31046400,32254880,30240000,31248000,0.006557,0
WHLR.US,D,20200825,000000,31449600,33667200,31248000,32155200,0.01234025,0
WHLR.US,D,20200826,000000,31852800,32533200,30441600,32155200,0.00725145,0
WHLR.US,D,20200827,000000,31550400,31802400,30844800,31248000,0.00364454,0
WHLR.US,D,20200828,000000,30945600,31449600,29736000,30139200,0.00354345,0
WHLR.US,D,20200831,000000,30139200,30844800,27727000,28526400,0.004435515,0
WHLR.US,D,20200901,000000,29131200,29131200,26460000,26460000,0.00345962,0
WHLR.US,D,20200902,000000,26308800,26812800,25956000,26108180,0.00201587,0
WHLR.US,D,20200903,000000,25704000,27216000,24595200,24595200,0.01054025,0
WHLR.US,D,20200904,000000,24595200,24998400,23688000,24292800,0.00606565,0
WHLR.US,D,20200908,000000,24292800,25905600,24292800,24998400,0.002127675,0
WHLR.US,D,20200909,000000,26107200,28828800,25603200,28324800,0.0053815,0
WHLR.US,D,20200910,000000,28627200,30643200,28224000,28425600,0.00417976,0
WHLR.US,D,20200911,000000,29131200,29131200,26611200,27417600,0.002304065,0
WHLR.US,D,20200914,000000,27720000,29534400,27468000,27468000,0.001250095,0
WHLR.US,D,20200915,000000,27720000,29534400,27720000,28728000,0.00312986,0
WHLR.US,D,20200916,000000,28728000,29635200,27216000,27417600,0.0063354,0
WHLR.US,D,20200917,000000,27720000,28766360,25704000,27316800,0.00760075,0
WHLR.US,D,20200918,000000,27720000,27921600,25502400,27921600,0.0080874,0
WHLR.US,D,20200921,000000,27725040,30705640,27725040,29433600,0.00585065,0
WHLR.US,D,20200922,000000,28990080,29736000,28526400,29433600,0.000468849,0
WHLR.US,D,20200923,000000,29433600,30240000,26208000,28980000,0.00572945,0
WHLR.US,D,20200924,000000,28022400,29232000,27820800,28526400,0.00083859,0
WHLR.US,D,20200925,000000,28828800,30340800,28224000,29635200,0.002627675,0
WHLR.US,D,20200928,000000,29534400,30744000,29364160,30340800,0.00492202,0
WHLR.US,D,20200929,000000,30492000,30542400,29907360,30038400,0.001530055,0
WHLR.US,D,20200930,000000,29836800,31248000,29736000,30643200,0.002261505,0
WHLR.US,D,20201001,000000,30441600,31046400,29715840,31046400,0.00197986,0
WHLR.US,D,20201002,000000,31046400,31248000,30340800,31248000,0.002144345,0
WHLR.US,D,20201005,000000,31651200,32101720,30441600,30542400,0.00127698,0
WHLR.US,D,20201006,000000,30340800,31348800,29534400,29836800,0.000626385,0
WHLR.US,D,20201007,000000,31248000,31248000,28828800,29332800,0.00105724,0
WHLR.US,D,20201008,000000,29030400,29332800,27720000,28123200,0.00217986,0
WHLR.US,D,20201009,000000,27921600,28728000,26712000,27216000,0.00200109,0
WHLR.US,D,20201012,000000,27216000,28022400,26886440,27417600,0.00270843,0
WHLR.US,D,20201013,000000,26712000,27216000,26410580,26661600,0.00304464,0
WHLR.US,D,20201014,000000,28324800,30088800,24898580,29635200,0.0062861,0
WHLR.US,D,20201015,000000,29635200,29635200,28627200,29232000,0.001434025,0
WHLR.US,D,20201016,000000,29332800,29534400,28829920,29433600,0.00219841,0
WHLR.US,D,20201019,000000,29131200,29584800,28828800,29433600,0.000961305,0
WHLR.US,D,20201020,000000,29232000,29232000,26812800,29131200,0.004646325,0
WHLR.US,D,20201021,000000,29030400,29433600,27557740,28123200,0.00191349,0
WHLR.US,D,20201022,000000,30038400,30038400,27995240,28728000,0.0006123,0
WHLR.US,D,20201023,000000,29635200,29937600,28224000,29232000,0.00085853,0
WHLR.US,D,20201026,000000,29937600,29937600,27709920,27720000,0.00151498,0
WHLR.US,D,20201027,000000,28123200,29332800,28123200,28728000,0.002223905,0
WHLR.US,D,20201028,000000,27720000,29433600,27720000,29131200,0.0022998,0
WHLR.US,D,20201029,000000,28626080,29736000,28224000,28526400,0.000996625,0
WHLR.US,D,20201030,000000,27820800,29165360,27619200,27820800,0.001497615,0
WHLR.US,D,20201102,000000,27619200,28553560,27316800,27720000,0.00071845,0
WHLR.US,D,20201103,000000,27216000,28022400,26510400,27820800,0.002178965,0
WHLR.US,D,20201104,000000,27740160,28224000,27316800,27669600,0.0005995,0
WHLR.US,D,20201105,000000,28324800,28929600,28123200,28425600,0.002106845,0
WHLR.US,D,20201106,000000,28152320,29030400,27720000,28022400,0.00450605,0
WHLR.US,D,20201109,000000,28828800,29936480,27720980,29836800,0.00992835,0
WHLR.US,D,20201110,000000,29232000,30240000,28324800,29232000,0.00685135,0
WHLR.US,D,20201111,000000,28929600,29534400,27216000,28123200,0.002783925,0
WHLR.US,D,20201112,000000,27820800,29030400,27820800,29030400,0.000894045,0
WHLR.US,D,20201113,000000,28879200,37296000,28526400,34776000,0.04074365,0
WHLR.US,D,20201116,000000,33062400,39312000,30644320,36388800,0.023634,0
WHLR.US,D,20201117,000000,36388800,37800000,33062400,33062400,0.0094958,0
WHLR.US,D,20201118,000000,32256000,32659200,30643200,32457600,0.0011999,0
WHLR.US,D,20201119,000000,32356800,32558400,31046400,31449600,0.00169365,0
WHLR.US,D,20201120,000000,30340800,32054400,30340800,30441600,0.00094573,0
WHLR.US,D,20201123,000000,30542400,30542400,29232000,29940680,0.00145942,0
WHLR.US,D,20201124,000000,30139200,32659200,29736000,31248000,0.002309325,0
WHLR.US,D,20201125,000000,31348800,32457600,31248000,31651200,0.001311505,0
WHLR.US,D,20201127,000000,31096800,32256000,31096800,32000080,0.000315873,0
WHLR.US,D,20201130,000000,31449600,31449600,27922580,30189600,0.002048015,0
WHLR.US,D,20201201,000000,29736000,30441600,27820800,27820800,0.002105455,0
WHLR.US,D,20201202,000000,27978020,28544600,26510400,28123200,0.00265823,0
WHLR.US,D,20201203,000000,27921600,29079680,27720000,28123200,0.000995135,0
WHLR.US,D,20201204,000000,27619200,29635200,27619200,28224000,0.000754165,0
WHLR.US,D,20201207,000000,29635200,29635200,27014400,27417600,0.00123948,0
WHLR.US,D,20201208,000000,27720000,27921600,27216000,27316800,0.00107738,0
WHLR.US,D,20201209,000000,27921600,27921600,26737200,27316800,0.00153948,0
WHLR.US,D,20201210,000000,27165600,28297640,27014400,27720000,0.002687595,0
WHLR.US,D,20201211,000000,27921600,28491120,27316800,27820800,0.001176285,0
WHLR.US,D,20201214,000000,27518400,28576800,27518400,28022400,0.00073611,0
WHLR.US,D,20201215,000000,27720000,28425600,27216000,27820800,0.04601285,0
WHLR.US,D,20201216,000000,27518400,29030400,27518400,28324800,0.00076736,0
WHLR.US,D,20201217,000000,28728000,28728000,28022400,28728000,0.001801685,0
WHLR.US,D,20201218,000000,28324800,28627200,27014400,27014400,0.003476485,0
WHLR.US,D,20201221,000000,27216000,27316800,26409600,27115200,0.00285744,0
WHLR.US,D,20201222,000000,27070820,28412440,27070820,27720000,0.001826685,0
WHLR.US,D,20201223,000000,27216000,28224000,27216000,27518400,0.00097817,0
WHLR.US,D,20201224,000000,27316800,27330940,27014400,27104140,0.000802975,0
WHLR.US,D,20201228,000000,26812800,26913600,25704000,26208000,0.0054443,0
WHLR.US,D,20201229,000000,26337080,26337080,25200000,25502400,0.00652735,0
WHLR.US,D,20201230,000000,26510400,27619200,25704000,27316800,0.003499005,0
WHLR.US,D,20201231,000000,27316800,29030400,26713960,27921600,0.0071616,0
WHLR.US,D,20210104,000000,28224000,28728000,26812800,28022400,0.004817755,0
WHLR.US,D,20210105,000000,28324800,28980000,28022400,28627200,0.00317708,0
WHLR.US,D,20210106,000000,28526400,28879200,27720000,27921600,0.0092357,0
WHLR.US,D,20210107,000000,28526400,28526400,27820800,28123200,0.00492361,0
WHLR.US,D,20210108,000000,28123200,28251160,27316800,27720000,0.002692555,0
WHLR.US,D,20210111,000000,27820800,28123200,25804800,27014400,0.00615445,0
WHLR.US,D,20210112,000000,26812800,27518400,26712000,27014400,0.001998805,0
WHLR.US,D,20210113,000000,27619200,27619200,26812800,27115200,0.00291964,0
WHLR.US,D,20210114,000000,26712000,27720000,26712000,27720000,0.000950495,0
WHLR.US,D,20210115,000000,27720000,28728000,27417600,28265440,0.000968055,0
WHLR.US,D,20210119,000000,28224000,29131200,28022400,28022400,0.005725,0
WHLR.US,D,20210120,000000,27922580,28526400,27619200,27720000,0.00219702,0
WHLR.US,D,20210121,000000,27839980,28627200,27316800,28022400,0.001062895,0
WHLR.US,D,20210122,000000,28123200,28123200,27518400,28022400,0.000438492,0
WHLR.US,D,20210125,000000,28022400,28123200,26957980,28022400,0.00413958,0
WHLR.US,D,20210126,000000,27518400,28123200,27205920,27720000,0.0018121,0
WHLR.US,D,20210127,000000,28123200,29332800,26717040,27216000,0.0079489,0
WHLR.US,D,20210128,000000,27115200,27820800,26611200,27115200,0.001315475,0
WHLR.US,D,20210129,000000,26812800,28324800,26712000,27316800,0.004447915,0
WHLR.US,D,20210201,000000,27216000,27871200,26409600,27312740,0.00074464,0
WHLR.US,D,20210202,000000,26308800,27720000,26308800,27720000,0.001027775,0
WHLR.US,D,20210203,000000,27316800,27518400,26712000,27216980,0.002590175,0
WHLR.US,D,20210204,000000,26712000,29030400,26712000,28324800,0.0088218,0
WHLR.US,D,20210205,000000,37396800,74188800,36086400,46972800,0.85576,0
WHLR.US,D,20210208,000000,41428800,47990950,39614400,46368000,0.067102,0
WHLR.US,D,20210209,000000,44387350,46972800,40420800,41731200,0.01735045,0
WHLR.US,D,20210210,000000,42336000,42336000,38304000,38404800,0.0105732,0
WHLR.US,D,20210211,000000,39009600,40118400,38505600,39009600,0.0042123,0
WHLR.US,D,20210212,000000,40622400,42234500,36892800,38304000,0.004097815,0
WHLR.US,D,20210216,000000,38808000,42739200,38513650,41025600,0.013383,0
WHLR.US,D,20210217,000000,40420800,40824000,36792000,38001600,0.00954165,0
WHLR.US,D,20210218,000000,37195200,39816000,37195200,38102400,0.00316607,0
WHLR.US,D,20210219,000000,38001600,39110400,37497600,38606400,0.003310015,0
WHLR.US,D,20210222,000000,39009600,39816000,36288000,38404800,0.003293945,0
WHLR.US,D,20210223,000000,34977600,34977600,34876800,34977600,0.003791365,0
WHLR.US,D,20210224,000000,34372800,37699200,34372800,36489600,0.001011405,0
WHLR.US,D,20210225,000000,37296000,37598400,35784000,35985600,0.00216081,0
WHLR.US,D,20210226,000000,36590400,36892800,33465600,33465600,0.00323224,0
WHLR.US,D,20210301,000000,33465600,36205400,33465600,34070400,0.001647815,0
WHLR.US,D,20210302,000000,34473600,34977600,32968600,33969600,0.002966665,0
WHLR.US,D,20210303,000000,33969600,34574400,32942560,32961600,0.00164861,0
WHLR.US,D,20210304,000000,33768000,34372800,30542400,31046400,0.003408035,0
WHLR.US,D,20210305,000000,31449600,32659200,30340800,31852800,0.004105355,0
WHLR.US,D,20210308,000000,31953600,32659200,31248000,31752000,0.001573015,0
WHLR.US,D,20210309,000000,32356800,34272000,30844800,31752000,0.0224609,0
WHLR.US,D,20210310,000000,32860800,33264000,31752000,32558400,0.00579245,0
WHLR.US,D,20210311,000000,33264000,34196400,32356800,32659200,0.1577305,0
WHLR.US,D,20210312,000000,31550400,31752000,29439760,31096800,0.03104005,0
WHLR.US,D,20210315,000000,29836800,30744000,29534400,30139200,0.0081212,0
WHLR.US,D,20210316,000000,30139200,30139200,29232000,29332800,0.0073604,0
WHLR.US,D,20210317,000000,29332800,32138120,28526400,31651200,0.0165208,0
WHLR.US,D,20210318,000000,31852800,31953600,30744000,30744000,0.00480724,0
WHLR.US,D,20210319,000000,30542400,33868800,29736000,33768000,0.0535855,0
WHLR.US,D,20210322,000000,33163200,35582400,32356800,32961600,0.0189603,0
WHLR.US,D,20210323,000000,33969600,38203200,33465600,35985600,0.03042575,0
WHLR.US,D,20210324,000000,35179200,37296000,34454560,34473600,0.00791745,0
WHLR.US,D,20210325,000000,33969600,34473600,33062400,33768000,0.0069826,0
WHLR.US,D,20210326,000000,34272000,35683200,34272000,34876800,0.0052817,0
WHLR.US,D,20210329,000000,35179200,35985600,34070400,34272000,0.0056494,0
WHLR.US,D,20210330,000000,33667200,35784000,33364800,35078400,0.0030624,0
WHLR.US,D,20210331,000000,34776000,38102400,34776000,37800000,0.0205488,0
WHLR.US,D,20210401,000000,37800000,38203200,35985600,36288000,0.00742905,0
WHLR.US,D,20210405,000000,37094400,38304000,36032850,37699200,0.00697715,0
WHLR.US,D,20210406,000000,37598400,41932800,37195200,40824000,0.01614015,0
WHLR.US,D,20210407,000000,39816000,39911900,37396800,37800000,0.02270115,0
WHLR.US,D,20210408,000000,37497600,39916800,37497600,38606400,0.0027995,0
WHLR.US,D,20210409,000000,38001600,39967200,37800000,39211200,0.003876685,0
WHLR.US,D,20210412,000000,38908800,39614400,38178000,38908800,0.0052857,0
WHLR.US,D,20210413,000000,39312000,40521600,38908800,39110400,0.00756605,0
WHLR.US,D,20210414,000000,39614400,39715200,38404800,39110400,0.002478765,0
WHLR.US,D,20210415,000000,39614400,40118400,38556000,39513600,0.00891345,0
WHLR.US,D,20210416,000000,38908800,41832000,38808000,40824000,0.00887685,0
WHLR.US,D,20210419,000000,40420800,43948800,40420800,43041600,0.01084155,0
WHLR.US,D,20210420,000000,42840000,42840000,40231100,41832000,0.0052993,0
WHLR.US,D,20210421,000000,42033600,45125500,41126400,43646400,0.00661505,0
WHLR.US,D,20210422,000000,43142400,44352000,42033600,42840000,0.00382589,0
WHLR.US,D,20210423,000000,42840000,43344000,41968150,43243200,0.00283591,0
WHLR.US,D,20210426,000000,43848000,45047450,42840000,44452800,0.0056822,0
WHLR.US,D,20210427,000000,44755200,45176600,44049600,44049600,0.00357579,0
WHLR.US,D,20210428,000000,43848000,44150400,40420800,43344000,0.00355238,0
WHLR.US,D,20210429,000000,42940800,44251200,41932800,43344000,0.0013369,0
WHLR.US,D,20210430,000000,42840000,43545600,41932800,42537600,0.00141954,0
WHLR.US,D,20210503,000000,42537600,42537600,41329050,42134400,0.00290972,0
WHLR.US,D,20210504,000000,41529600,42134400,41328000,41328000,0.00268363,0
WHLR.US,D,20210505,000000,41025600,42217350,40320000,40572000,0.00326438,0
WHLR.US,D,20210506,000000,40320000,41630400,37870700,38404800,0.004327775,0
WHLR.US,D,20210507,000000,38304000,39916800,38304000,39513600,0.001169045,0
WHLR.US,D,20210510,000000,39110400,39110400,36590400,37396800,0.00519135,0
WHLR.US,D,20210511,000000,36892800,37554300,35784000,36892800,0.001385215,0
WHLR.US,D,20210512,000000,37195200,42739200,36187200,42436800,0.0112618,0
WHLR.US,D,20210513,000000,43646400,43646400,40420800,40824000,0.0030994,0
WHLR.US,D,20210514,000000,40219200,40822950,39110400,39312000,0.001873805,0
WHLR.US,D,20210517,000000,39715200,42386400,39385500,40017600,0.002849205,0
WHLR.US,D,20210518,000000,40017600,40723200,40017600,40017600,0.0002388885,0
WHLR.US,D,20210519,000000,40017600,42336000,39916800,40017600,0.002181645,0
WHLR.US,D,20210520,000000,40521600,41731200,39854500,40924800,0.00165119,0
WHLR.US,D,20210521,000000,40723200,41277600,38982300,40824000,0.001318945,0
WHLR.US,D,20210524,000000,40924800,42033600,40320000,40824000,0.002712695,0
WHLR.US,D,20210525,000000,40824000,44150400,40824000,40924800,0.00811325,0
WHLR.US,D,20210526,000000,40824000,41731200,40824000,40824000,0.00147867,0
WHLR.US,D,20210527,000000,40834150,44049600,40824000,43646400,0.0080583,0
WHLR.US,D,20210528,000000,43747200,43747200,41328000,42537600,0.003160515,0
WHLR.US,D,20210601,000000,42336000,52214400,42336000,46166400,0.1461795,0
WHLR.US,D,20210602,000000,46368000,50097600,42638400,43041600,0.04503815,0
WHLR.US,D,20210603,000000,43041600,48800500,43041600,46972800,0.01621465,0
WHLR.US,D,20210604,000000,47174400,49694400,44251200,49089600,0.02035145,0
WHLR.US,D,20210607,000000,49089600,50904000,47779200,49996800,0.02954345,0
WHLR.US,D,20210608,000000,50500800,51270100,50198400,50198400,0.01389135,0
WHLR.US,D,20210609,000000,50299200,52920000,50299200,52113600,0.01147,0
WHLR.US,D,20210610,000000,52113600,52920000,51175250,52920000,0.0050365,0
WHLR.US,D,20210611,000000,52920000,52920000,49492800,50500800,0.0078725,0
WHLR.US,D,20210614,000000,51004800,51628850,48888000,49694400,0.00585225,0
WHLR.US,D,20210615,000000,49694400,50299200,48787200,49996800,0.00255853,0
WHLR.US,D,20210616,000000,49896000,49896000,48890100,49492800,0.00113948,0
WHLR.US,D,20210617,000000,49190400,50400000,48983900,49694400,0.001540575,0
WHLR.US,D,20210618,000000,49492800,50951600,48182400,48888000,0.00480089,0
WHLR.US,D,20210621,000000,48787200,51408000,48081600,50299200,0.0064064,0
WHLR.US,D,20210622,000000,50097600,50097600,48686400,48686400,0.00126855,0
WHLR.US,D,20210623,000000,48484800,49996800,48384000,49694400,0.00211567,0
WHLR.US,D,20210624,000000,50198400,52315200,50198400,51206400,0.0053233,0
WHLR.US,D,20210625,000000,51307200,53424000,51307200,53424000,0.004494145,0
WHLR.US,D,20210628,000000,53424000,54835200,52215100,53378500,0.00331696,0
WHLR.US,D,20210629,000000,52416000,54129600,51206400,51912000,0.003386705,0
WHLR.US,D,20210630,000000,50803200,53204550,50601600,51004800,0.002836405,0
WHLR.US,D,20210701,000000,51660000,52214400,51004800,51508800,0.001467955,0
WHLR.US,D,20210702,000000,51408000,51971500,51408000,51408000,0.00057222,0
WHLR.US,D,20210706,000000,50904000,50904000,41227200,41328000,0.02244205,0
WHLR.US,D,20210707,000000,41832000,42336000,32760000,34473600,0.0337817,0
WHLR.US,D,20210708,000000,31852800,38102400,29937600,36086400,0.04210395,0
WHLR.US,D,20210709,000000,35985600,36086400,32256000,32860800,0.00715025,0
WHLR.US,D,20210712,000000,33364800,34574400,31750880,31953600,0.00515625,0
WHLR.US,D,20210713,000000,31953600,33062400,31449600,32155200,0.00794305,0
WHLR.US,D,20210714,000000,31449600,32256000,30340800,30542400,0.00722795,0
WHLR.US,D,20210715,000000,30542400,32155200,30240000,30945600,0.008385,0
WHLR.US,D,20210716,000000,31298400,31298400,30441600,30744000,0.00295466,0
WHLR.US,D,20210719,000000,30441600,33768000,29030400,32256000,0.0321343,0
WHLR.US,D,20210720,000000,31550400,33081440,30441600,32256000,0.00936625,0
WHLR.US,D,20210721,000000,32356800,33667200,31449600,33264000,0.01127755,0
WHLR.US,D,20210722,000000,33369840,33667200,31752000,32457600,0.002580155,0
WHLR.US,D,20210723,000000,32659200,32659200,29836800,30038400,0.00656625,0
WHLR.US,D,20210726,000000,30139200,30340800,28929600,28930720,0.0038871,0
WHLR.US,D,20210727,000000,29584800,30037280,26964000,27014400,0.0099478,0
WHLR.US,D,20210728,000000,26913600,29030400,26913600,27115200,0.001380355,0
WHLR.US,D,20210729,000000,27518400,29635200,27115200,28123200,0.00476498,0
WHLR.US,D,20210730,000000,29332800,29332800,27216000,27216000,0.00144196,0
WHLR.US,D,20210802,000000,27720000,28526400,26308800,27115200,0.00224444,0
WHLR.US,D,20210803,000000,26712000,34876800,26208000,32760000,0.280196,0
WHLR.US,D,20210804,000000,42235200,46368000,33163200,35582400,4.045345,0
WHLR.US,D,20210805,000000,33667200,34372800,31651200,33062400,0.115636,0
WHLR.US,D,20210806,000000,31953600,32679360,29736000,31449600,0.03755215,0
WHLR.US,D,20210809,000000,30542400,31248000,29836800,30744000,0.02650455,0
WHLR.US,D,20210810,000000,30240000,31046400,29232000,29433600,0.0204322,0
WHLR.US,D,20210811,000000,29736000,30139200,28678720,29534400,0.01360145,0
WHLR.US,D,20210812,000000,29836800,30744000,27921600,28425600,0.01096275,0
WHLR.US,D,20210813,000000,29534400,29937600,28022400,28828800,0.0092956,0
WHLR.US,D,20210816,000000,29635200,29836800,27417600,28324800,0.01180595,0
WHLR.US,D,20210817,000000,28728000,28728000,27293560,28526400,0.02148085,0
WHLR.US,D,20210818,000000,28224000,30542400,27417600,29635200,0.01868895,0
WHLR.US,D,20210819,000000,30139200,30240000,28224000,29534400,0.0173993,0
WHLR.US,D,20210820,000000,30340800,31147200,29736000,29836800,0.003637695,0
WHLR.US,D,20210823,000000,29736000,31147200,29736000,31147200,0.0060593,0
WHLR.US,D,20210824,000000,31248000,32659200,30441600,31147200,0.01156405,0
WHLR.US,D,20210825,000000,31046400,33062400,30844800,33062400,0.00907795,0
WHLR.US,D,20210826,000000,32457600,33768000,32156320,32558400,0.00514145,0
WHLR.US,D,20210827,000000,32558400,34070400,32155200,33465600,0.00933095,0
WHLR.US,D,20210830,000000,33364800,35179200,32860800,34675200,0.01111325,0
WHLR.US,D,20210831,000000,34272000,34675200,32860800,33062400,0.01258865,0
WHLR.US,D,20210901,000000,33062400,34473600,32256000,34171200,0.00690615,0
WHLR.US,D,20210902,000000,34171200,34272000,32760000,33465600,0.00273373,0
WHLR.US,D,20210903,000000,33264000,33830440,32057480,32457600,0.003610115,0
WHLR.US,D,20210907,000000,32659200,33465600,31651200,32256000,0.001785615,0
WHLR.US,D,20210908,000000,32155200,32254880,31248000,31752000,0.002782635,0
WHLR.US,D,20210909,000000,31348800,32355680,31249120,31752000,0.002255355,0
WHLR.US,D,20210910,000000,31752000,32054400,31248000,32054400,0.00231746,0
WHLR.US,D,20210913,000000,31752000,32263000,31450720,31852800,0.00179742,0
WHLR.US,D,20210914,000000,31651200,33163200,31550400,31752000,0.00275119,0
WHLR.US,D,20210915,000000,32054400,34149920,31348800,31550400,0.001789085,0
WHLR.US,D,20210916,000000,31550400,32155200,31449600,31449600,0.001935115,0
WHLR.US,D,20210917,000000,31651200,31752000,31096800,31550400,0.00287728,0
WHLR.US,D,20210920,000000,30441600,31046400,29736000,30542400,0.002160615,0
WHLR.US,D,20210921,000000,29837920,31146080,29837920,30744000,0.00205337,0
WHLR.US,D,20210922,000000,29829800,31651200,29764280,31248000,0.00267817,0
WHLR.US,D,20210923,000000,31248000,32758880,30241120,31147200,0.0072324,0
WHLR.US,D,20210924,000000,31046400,32256000,30240000,30945600,0.01115395,0
WHLR.US,D,20210927,000000,30643200,31349920,30240000,30542400,0.00175942,0
WHLR.US,D,20210928,000000,29937600,30643200,29534400,30139200,0.001670035,0
WHLR.US,D,20210929,000000,29937600,29937600,29030400,29433600,0.001337895,0
WHLR.US,D,20210930,000000,29232000,30240000,28627200,29635200,0.00389603,0
WHLR.US,D,20211001,000000,29080800,29736000,29080800,29332800,0.00051091,0
WHLR.US,D,20211004,000000,29332800,29850800,28224000,29232000,0.0058944,0
WHLR.US,D,20211005,000000,28828800,29534400,28728000,29433600,0.00067817,0
WHLR.US,D,20211006,000000,28929600,29131200,28123200,28627200,0.001117555,0
WHLR.US,D,20211007,000000,28728000,29332800,28237160,28627200,0.001893945,0
WHLR.US,D,20211008,000000,29445640,29445640,28526400,29131200,0.00078125,0
WHLR.US,D,20211011,000000,28929600,29534400,28189840,28224000,0.004201485,0
WHLR.US,D,20211012,000000,28173600,28526400,28123200,28425600,0.000510515,0
WHLR.US,D,20211013,000000,28526400,28728000,27720000,27820800,0.00320317,0
WHLR.US,D,20211014,000000,27921600,28499240,27417600,27820800,0.00307619,0
WHLR.US,D,20211015,000000,27720000,28222880,27316800,27720000,0.00516365,0
WHLR.US,D,20211018,000000,27417600,27720000,26712000,27620180,0.0060498,0
WHLR.US,D,20211019,000000,26409600,27215020,25502400,26208000,0.003697915,0
WHLR.US,D,20211020,000000,26912620,26913600,26208000,26308800,0.002232835,0
WHLR.US,D,20211021,000000,25401600,26308800,25401600,25502400,0.00555175,0
WHLR.US,D,20211022,000000,25905600,26611200,25300800,26208000,0.003775595,0
WHLR.US,D,20211025,000000,26006400,26409600,25300800,25905600,0.00126498,0
WHLR.US,D,20211026,000000,25704000,26712000,25655560,26208000,0.0053109,0
WHLR.US,D,20211027,000000,26006400,27014400,25502400,25704000,0.004792955,0
WHLR.US,D,20211028,000000,25804800,26264420,25704000,25704000,0.001023115,0
WHLR.US,D,20211029,000000,25200000,26094040,25200000,25300800,0.002345035,0
WHLR.US,D,20211101,000000,25300800,26409600,25300800,25804800,0.002428075,0
WHLR.US,D,20211102,000000,25603200,26610220,25300800,25603200,0.003132635,0
WHLR.US,D,20211103,000000,26006400,27417600,25502400,26812800,0.00908035,0
WHLR.US,D,20211104,000000,27014400,28224000,26712000,27316800,0.00637985,0
WHLR.US,D,20211105,000000,27619200,27619200,26409600,26913600,0.004631645,0
WHLR.US,D,20211108,000000,27416620,27417600,26539660,26611200,0.000988095,0
WHLR.US,D,20211109,000000,26510400,26913600,26510400,26611200,0.000422321,0
WHLR.US,D,20211110,000000,26510400,27568800,25603200,25905600,0.01173075,0
WHLR.US,D,20211111,000000,26107200,26555760,25502400,26006400,0.001205255,0
WHLR.US,D,20211112,000000,25300800,26207020,25300800,25905600,0.00102827,0
WHLR.US,D,20211115,000000,25704000,26041680,25200000,25401600,0.00184831,0
WHLR.US,D,20211116,000000,25704000,26208000,25401600,25653600,0.00657735,0
WHLR.US,D,20211117,000000,25956000,25956000,23889600,24192000,0.0063956,0
WHLR.US,D,20211118,000000,24091200,24837120,22709260,24091200,0.00671425,0
WHLR.US,D,20211119,000000,24292800,25099200,23284800,24494400,0.0003995035,0
WHLR.US,D,20211122,000000,25099200,25099200,23730280,24292800,0.00150595,0
WHLR.US,D,20211123,000000,24091200,24132500,22881600,22982400,0.00215565,0
WHLR.US,D,20211124,000000,23386580,24696000,22982400,24696000,0.0050109,0
WHLR.US,D,20211126,000000,23889600,24311000,23688000,24091200,0.0066739,0
WHLR.US,D,20211129,000000,23990400,24192000,21672000,22377600,0.0076248,0
WHLR.US,D,20211130,000000,21168000,21672000,20361600,21067200,0.0126603,0
WHLR.US,D,20211201,000000,21168000,21571200,19756800,19857600,0.00552975,0
WHLR.US,D,20211202,000000,19353600,19857600,18334540,19051200,0.0060209,0
WHLR.US,D,20211203,000000,20160000,20361600,19152000,20160000,0.0039246,0
WHLR.US,D,20211206,000000,20059200,21672000,19152980,20160000,0.0170741,0
WHLR.US,D,20211207,000000,19958400,20654900,19958400,19958400,0.0029497,0
WHLR.US,D,20211208,000000,19807200,21167020,19807200,20865600,0.000560515,0
WHLR.US,D,20211209,000000,20865600,20965420,19252800,19252800,0.002410515,0
WHLR.US,D,20211210,000000,19489680,19555200,18597600,19051200,0.002697515,0
WHLR.US,D,20211213,000000,20059200,20059200,18345600,18648000,0.002593845,0
WHLR.US,D,20211214,000000,18648000,19958400,18648000,18950400,0.002163985,0
WHLR.US,D,20211215,000000,18748800,18748800,17841600,18043200,0.00625095,0
WHLR.US,D,20211216,000000,18144000,18345600,17841600,18144000,0.00326488,0
WHLR.US,D,20211217,000000,18144000,18144000,17533180,18144000,0.00105,0
WHLR.US,D,20211220,000000,18244800,18295200,17640000,18144000,0.002570535,0
WHLR.US,D,20211221,000000,18043200,19152000,18043200,18144000,0.007149,0
WHLR.US,D,20211222,000000,18144000,19353600,18043200,19353600,0.0025122,0
WHLR.US,D,20211223,000000,19807200,20160000,18648000,20160000,0.001460415,0
WHLR.US,D,20211227,000000,20160000,21168000,19963440,20462400,0.006095,0
WHLR.US,D,20211228,000000,19792080,19807200,19303200,19756800,0.00206081,0
WHLR.US,D,20211229,000000,18923240,20492640,18244800,18648000,0.00200734,0
WHLR.US,D,20211230,000000,18391940,19807200,18391940,19454400,0.0052326,0
WHLR.US,D,20211231,000000,19252800,19766880,19252800,19555200,0.00116726,0
WHLR.US,D,20220103,000000,20443220,20443220,19051200,19353600,0.002038985,0
WHLR.US,D,20220104,000000,19252800,19958400,19252800,19958400,0.002455455,0
WHLR.US,D,20220105,000000,19656000,19957420,19152000,19353600,0.0003834325,0
WHLR.US,D,20220106,000000,19152000,20059200,19051200,20059200,0.00108373,0
WHLR.US,D,20220107,000000,20563200,20563200,18950400,18950400,0.001844245,0
WHLR.US,D,20220110,000000,18849600,18950400,17539200,18244800,0.00167827,0
WHLR.US,D,20220111,000000,18648000,18648000,17539200,17942400,0.00431746,0
WHLR.US,D,20220112,000000,17612840,18059300,17136000,17136000,0.0053088,0
WHLR.US,D,20220113,000000,17539200,17539200,16128000,16833600,0.004502675,0
WHLR.US,D,20220114,000000,17640000,17640000,16732800,17236800,0.001409125,0
WHLR.US,D,20220118,000000,17236800,17841600,17035200,17236800,0.001756545,0
WHLR.US,D,20220119,000000,17539200,17539200,16119880,16833600,0.001314085,0
WHLR.US,D,20220120,000000,16531200,16833600,15220800,15220800,0.00672715,0
WHLR.US,D,20220121,000000,15926400,16531200,15724800,16531200,0.00251696,0
WHLR.US,D,20220124,000000,16027200,16531200,15256080,16531200,0.00159355,0
WHLR.US,D,20220125,000000,16329600,17942400,16329600,17942400,0.00085357,0
WHLR.US,D,20220126,000000,17942400,18043200,17942400,18043200,0.000687,0
WHLR.US,D,20220127,000000,17941420,17941420,16228800,16329600,0.004151585,0
WHLR.US,D,20220128,000000,16632000,17136000,16228800,17136000,0.00390317,0
WHLR.US,D,20220131,000000,17539200,17690400,16934400,17640000,0.002631545,0
WHLR.US,D,20220201,000000,17740800,18043200,17539200,17942400,0.000627775,0
WHLR.US,D,20220202,000000,18042220,18244800,17438400,18244800,0.00453472,0
WHLR.US,D,20220203,000000,18446400,20059200,18345600,20059200,0.00214573,0
WHLR.US,D,20220204,000000,20160000,20160000,18950400,19152000,0.00070089,0
WHLR.US,D,20220207,000000,19252800,19564300,19152000,19353600,0.000602575,0
WHLR.US,D,20220208,000000,19252800,19252800,17942400,18447380,0.001391365,0
WHLR.US,D,20220209,000000,18950400,20260800,18950400,19656000,0.00070069,0
WHLR.US,D,20220210,000000,19656000,20058220,19353600,19656000,0.00168452,0
WHLR.US,D,20220211,000000,19353600,19857600,18648000,19252800,0.00103492,0
WHLR.US,D,20220214,000000,19656000,19994660,19555200,19756800,0.0013625,0
WHLR.US,D,20220215,000000,19991720,20815200,19958400,20563200,0.00097341,0
WHLR.US,D,20220216,000000,20791960,21268800,20764800,21168000,0.00116498,0
WHLR.US,D,20220217,000000,21168000,21168000,19958400,20512800,0.00186736,0
WHLR.US,D,20220218,000000,20160000,20664000,19756800,20260800,0.00146319,0
WHLR.US,D,20220222,000000,19857600,20865600,19857600,20462400,0.000816265,0
WHLR.US,D,20220223,000000,20991600,20991600,18648000,20059200,0.001963785,0
WHLR.US,D,20220224,000000,18748800,20059200,18748800,19857600,0.00118323,0
WHLR.US,D,20220225,000000,20160000,20160000,19857600,20059200,0.0004834325,0
WHLR.US,D,20220228,000000,20059200,21067200,20059200,20059200,0.00065833,0
WHLR.US,D,20220301,000000,21067200,21067200,19708360,20059200,0.00106121,0
WHLR.US,D,20220302,000000,20160000,20361600,19958400,20059200,0.00615575,0
WHLR.US,D,20220303,000000,20664000,21067200,18748800,20160000,0.0161319,0
WHLR.US,D,20220304,000000,20160980,20462400,19252800,19857600,0.00469216,0
WHLR.US,D,20220307,000000,19353600,20160000,19353600,19454400,0.001274305,0
WHLR.US,D,20220308,000000,19455380,20260800,19455380,19857600,0.00104444,0
WHLR.US,D,20220309,000000,19958400,20764800,19857600,20462400,0.001484025,0
WHLR.US,D,20220310,000000,20393800,20664000,20160000,20664000,0.00082609,0
WHLR.US,D,20220311,000000,20260800,20664000,20260800,20664000,0.00069375,0
WHLR.US,D,20220314,000000,19756800,20160000,19656000,19656000,0.00085476,0
WHLR.US,D,20220315,000000,19857600,20185200,19755820,19857600,0.00225486,0
WHLR.US,D,20220316,000000,20462400,20563200,19958400,20563200,0.000967555,0
WHLR.US,D,20220317,000000,20160000,20160000,19857600,20160000,0.0020623,0
WHLR.US,D,20220318,000000,20059200,20160000,19958400,20160000,0.000961505,0
WHLR.US,D,20220321,000000,20361600,20664000,19958400,20260800,0.0051443,0
WHLR.US,D,20220322,000000,20260800,21672000,20260800,21571200,0.0026248,0
WHLR.US,D,20220323,000000,21772800,22148840,21470400,21571200,0.00239831,0
WHLR.US,D,20220324,000000,21873600,22176000,21723380,22024800,0.00032371,0
WHLR.US,D,20220325,000000,21772800,23329180,21772800,21974400,0.001933825,0
WHLR.US,D,20220328,000000,22276800,22680000,21974400,22276800,0.00121736,0
WHLR.US,D,20220329,000000,23184000,23285780,22478400,22881600,0.003370335,0
WHLR.US,D,20220330,000000,22982400,23788800,22780800,22982400,0.002260615,0
WHLR.US,D,20220331,000000,23383640,23587200,21974400,23184000,0.001850095,0
WHLR.US,D,20220401,000000,21369600,23385600,21369600,22982400,0.00140615,0
WHLR.US,D,20220404,000000,22071140,23385600,22071140,23385600,0.00064603,0
WHLR.US,D,20220405,000000,23385600,23788800,22982400,23486400,0.001402575,0
WHLR.US,D,20220406,000000,22680000,24192000,22074220,23184000,0.003214085,0
WHLR.US,D,20220407,000000,23184000,23284800,22400840,23083200,0.0006372,0
WHLR.US,D,20220408,000000,22862420,23083200,22630580,23083200,0.0007122,0
WHLR.US,D,20220411,000000,22377600,22629600,21168000,22176000,0.001251285,0
WHLR.US,D,20220412,000000,21470400,22377600,21168000,22276800,0.00083224,0
WHLR.US,D,20220413,000000,22680000,23486400,22478400,23486400,0.000634225,0
WHLR.US,D,20220414,000000,23486400,23587200,22881600,23486400,0.00067748,0
WHLR.US,D,20220418,000000,23688000,24192000,23184000,23788800,0.000985515,0
WHLR.US,D,20220419,000000,24091200,26510400,22831200,24696000,0.004235615,0
WHLR.US,D,20220420,000000,24595200,24913700,23587200,23990400,0.00101706,0
WHLR.US,D,20220421,000000,24091200,25702040,23184000,23990400,0.00482688,0
WHLR.US,D,20220422,000000,24393600,25804800,21571200,23788800,0.0058871,0
WHLR.US,D,20220425,000000,23459240,23459240,21369600,22579200,0.002788095,0
WHLR.US,D,20220426,000000,22579200,22602440,20764800,22125600,0.0051093,0
WHLR.US,D,20220427,000000,22579200,23074100,22276800,22932000,0.002199305,0
WHLR.US,D,20220428,000000,22982400,22982400,21946120,22478400,0.00125218,0
WHLR.US,D,20220429,000000,22680000,22680000,22276800,22377600,0.000851685,0
WHLR.US,D,20220502,000000,22579200,24192000,22377600,22730400,0.00094454,0
WHLR.US,D,20220503,000000,22377600,22680000,21873600,22176000,0.0003921625,0
WHLR.US,D,20220504,000000,22510600,23032800,21873600,23032800,0.00068065,0
WHLR.US,D,20220505,000000,23184000,23536800,22780800,23083200,0.0011999,0
WHLR.US,D,20220506,000000,23184000,23284800,22276800,23284800,0.00143601,0
WHLR.US,D,20220509,000000,23486400,23587200,22276800,22276800,0.00304087,0
WHLR.US,D,20220510,000000,22780800,22780800,18849600,21067200,0.00561815,0
WHLR.US,D,20220511,000000,21067200,21621600,20260800,20966400,0.00299444,0
WHLR.US,D,20220512,000000,20664000,21168000,20664000,20966400,0.00238373,0
WHLR.US,D,20220513,000000,20966400,20967380,20059200,20613600,0.002451685,0
WHLR.US,D,20220516,000000,20664000,21168000,19958400,20865600,0.0022496,0
WHLR.US,D,20220517,000000,20865600,20865600,20160000,20160000,0.002251385,0
WHLR.US,D,20220518,000000,20067320,20564180,20067320,20462400,0.00107817,0
WHLR.US,D,20220519,000000,20966400,20966400,20462400,20664000,0.000876485,0
WHLR.US,D,20220520,000000,20563200,21168000,19958400,20059200,0.00218869,0
WHLR.US,D,20220523,000000,20664000,21420000,20255760,21168000,0.000711305,0
WHLR.US,D,20220524,000000,20966400,21672000,20966400,21168000,0.000315476,0
WHLR.US,D,20220525,000000,20865600,22327200,20865600,22327200,0.0006247,0
WHLR.US,D,20220526,000000,21873600,23385600,21873600,23284800,0.000726285,0
WHLR.US,D,20220527,000000,23385600,23385600,23140600,23284800,0.0003613095,0
WHLR.US,D,20220531,000000,22881600,23753520,21944160,23311960,0.000722615,0
WHLR.US,D,20220601,000000,23083200,23688000,23083200,23688000,0.000685315,0
WHLR.US,D,20220602,000000,23486400,23688000,22982400,23637600,0.001870035,0
WHLR.US,D,20220603,000000,25200000,26208000,24494400,26208000,0.00283571,0
WHLR.US,D,20220606,000000,26308800,26510400,25300800,26409600,0.00191359,0
WHLR.US,D,20220607,000000,26712000,26712000,26107200,26308800,0.00221577,0
WHLR.US,D,20220608,000000,26208000,26812800,26107200,26812800,0.00072569,0
WHLR.US,D,20220609,000000,26510400,26712980,25584020,26007380,0.001971725,0
WHLR.US,D,20220610,000000,25804800,25804800,23284800,23889600,0.00435347,0
WHLR.US,D,20220613,000000,23710120,24091200,23184000,23385600,0.00412371,0
WHLR.US,D,20220614,000000,23184980,23486400,22276800,22276800,0.00329365,0
WHLR.US,D,20220615,000000,23284800,23788800,22276800,23788800,0.001321325,0
WHLR.US,D,20220616,000000,23688000,23688000,22680000,23083200,0.00226736,0
WHLR.US,D,20220617,000000,25099200,25099200,22982400,23587200,0.00620185,0
WHLR.US,D,20220621,000000,23889600,25098220,23486400,23486400,0.00647545,0
WHLR.US,D,20220622,000000,24141600,24195080,23285780,23385600,0.0059344,0
WHLR.US,D,20220623,000000,23889600,24796800,23566060,23788800,0.0226227,0
WHLR.US,D,20220624,000000,23889600,24091200,22478400,22478400,0.01437635,0
WHLR.US,D,20220627,000000,23587200,26409600,23184000,25905600,0.02260505,0
WHLR.US,D,20220628,000000,26107200,26107200,24897600,25401600,0.00236101,0
WHLR.US,D,20220629,000000,25905600,26409600,24696000,24696000,0.0010244,0
WHLR.US,D,20220630,000000,23486400,25905600,23486400,25603200,0.00097966,0
WHLR.US,D,20220701,000000,25055800,26308800,24847200,25905600,0.000640475,0
WHLR.US,D,20220705,000000,25099200,26208000,25099200,25502400,0.00060734,0
WHLR.US,D,20220706,000000,24660720,26006400,24660720,24998400,0.0003903765,0
WHLR.US,D,20220707,000000,26136460,26237260,25401600,25956980,0.000729065,0
WHLR.US,D,20220708,000000,25603200,25704000,24494400,24696000,0.001157735,0
WHLR.US,D,20220711,000000,25857160,25905600,24393600,24696980,0.00371349,0
WHLR.US,D,20220712,000000,25200000,25260480,24796800,24796800,0.000301587,0
WHLR.US,D,20220713,000000,26006400,26006400,24292800,25573940,0.000299603,0
WHLR.US,D,20220714,000000,24897600,25300800,24192000,24796800,0.000987695,0
WHLR.US,D,20220715,000000,23990400,24252480,23990400,24192000,0.0002272815,0
WHLR.US,D,20220718,000000,24393600,24696000,24393600,24696000,0.0003181545,0
WHLR.US,D,20220719,000000,24091200,24595200,24078040,24292800,0.00068194,0
WHLR.US,D,20220720,000000,24312960,24494400,24292800,24494400,0.0001440475,0
WHLR.US,D,20220721,000000,24897600,24948980,24292800,24292800,0.00069563,0
WHLR.US,D,20220722,000000,24292800,25200000,24292800,24506440,0.00103601,0
WHLR.US,D,20220725,000000,25502400,25502400,25240320,25501420,0.0001935515,0
WHLR.US,D,20220726,000000,25401600,25401600,24494400,24494400,0.0003191465,0
WHLR.US,D,20220727,000000,24998400,24998400,24696000,24696000,0.0000802575,0
WHLR.US,D,20220728,000000,25099200,25200000,24292800,24796800,0.00062351,0
WHLR.US,D,20220729,000000,24595200,24897600,23788800,24393600,0.000586605,0
WHLR.US,D,20220801,000000,24192000,24393600,24192000,24393600,0.0001377975,0
WHLR.US,D,20220802,000000,24292800,24292800,24192000,24192000,0.0002391865,0
WHLR.US,D,20220803,000000,24494400,24494400,24494400,24494400,0.0000752975,0
WHLR.US,D,20220804,000000,24696000,24755500,24091200,24192000,0.000302976,0
WHLR.US,D,20220805,000000,24897600,24897600,23688000,23688000,0.000133234,0
WHLR.US,D,20220808,000000,24091200,24091200,22176000,22478400,0.00199712,0
WHLR.US,D,20220809,000000,22680000,23083200,21873600,21873600,0.00558895,0
WHLR.US,D,20220810,000000,23889600,23889600,21369600,21571200,0.00328065,0
WHLR.US,D,20220811,000000,21788900,21974400,20865600,21067200,0.001252675,0
WHLR.US,D,20220812,000000,21371560,21371560,20260800,20723500,0.001307835,0
WHLR.US,D,20220815,000000,20260800,20664000,20260800,20462400,0.00136607,0
WHLR.US,D,20220816,000000,20361600,20865600,20059200,20865600,0.00118948,0
WHLR.US,D,20220817,000000,21168000,22145760,20764800,21427000,0.000307242,0
WHLR.US,D,20220818,000000,21268800,21268800,21093380,21093380,0.0001518845,0
WHLR.US,D,20220819,000000,21469420,21469420,20764800,20966400,0.000137599,0
WHLR.US,D,20220822,000000,21067200,21067200,20160000,20160980,0.00210208,0
WHLR.US,D,20220823,000000,20160000,21346360,20160000,21117600,0.000129464,0
WHLR.US,D,20220824,000000,21369600,21369600,20664000,20664000,0.0001181545,0
WHLR.US,D,20220825,000000,20764800,21167020,20160000,20764800,0.000820035,0
WHLR.US,D,20220826,000000,21238560,21238560,20160000,20260800,0.0005624,0
WHLR.US,D,20220829,000000,20260800,21672000,20166020,20764800,0.00072976,0
WHLR.US,D,20220830,000000,21243600,21276920,19353600,19353600,0.003049105,0
WHLR.US,D,20220831,000000,20302100,20663020,18547200,19555200,0.00168075,0
WHLR.US,D,20220901,000000,19756800,21470400,19152000,21067200,0.00330337,0
WHLR.US,D,20220902,000000,22680000,33969600,22176000,26712000,0.2300325,0
WHLR.US,D,20220906,000000,24796800,25804800,21067200,22276800,0.113252,0
WHLR.US,D,20220907,000000,20462400,20511820,18748800,19958400,0.0343324,0
WHLR.US,D,20220908,000000,18144000,20856500,16329600,19353600,0.0314621,0
WHLR.US,D,20220909,000000,18144000,20059200,18144000,19353600,0.00887655,0
WHLR.US,D,20220912,000000,17740800,19244680,17740800,18345600,0.00275982,0
WHLR.US,D,20220913,000000,17740800,17831520,17236800,17236800,0.00298839,0
WHLR.US,D,20220914,000000,16632000,18244800,16632000,17136000,0.003323015,0
WHLR.US,D,20220915,000000,17035200,17740800,16632000,16833600,0.00239702,0
WHLR.US,D,20220916,000000,16632000,16651180,15120000,16531200,0.0067742,0
WHLR.US,D,20220919,000000,15724800,16429420,15624000,16128000,0.00154246,0
WHLR.US,D,20220920,000000,15926400,16128000,14817600,15019200,0.00688955,0
WHLR.US,D,20220921,000000,15220800,15220800,14313600,14716800,0.00297569,0
WHLR.US,D,20220922,000000,14616000,14616000,14084840,14112000,0.00091736,0
WHLR.US,D,20220923,000000,14112000,14513240,13104000,13104000,0.001292755,0
WHLR.US,D,20220926,000000,13003200,13003200,11390400,11894400,0.003487595,0
WHLR.US,D,20220927,000000,11390400,13406400,11390400,13305600,0.00388234,0
WHLR.US,D,20220928,000000,13507200,13809600,11390400,13507200,0.004158825,0
WHLR.US,D,20220929,000000,14017220,14093800,13204800,14006160,0.00065446,0
WHLR.US,D,20220930,000000,14111020,14111020,12600980,13104000,0.00443234,0
WHLR.US,D,20221003,000000,13104000,13305600,12398400,13255200,0.002264185,0
WHLR.US,D,20221004,000000,13707750,15423380,13406400,13507200,0.001284325,0
WHLR.US,D,20221005,000000,13406400,15120000,12321750,14515200,0.00059722,0
WHLR.US,D,20221006,000000,14616000,15946560,14616000,15771140,0.001069145,0
WHLR.US,D,20221007,000000,15462720,15624000,15462720,15624000,0.0003052575,0
WHLR.US,D,20221010,000000,15321600,15321600,14414400,14515200,0.000556345,0
WHLR.US,D,20221011,000000,14817600,15522220,14716800,14716800,0.00082103,0
WHLR.US,D,20221012,000000,14414400,15220800,14112000,15019200,0.0002128965,0
WHLR.US,D,20221013,000000,15246000,15724800,15120000,15422400,0.000425595,0
WHLR.US,D,20221014,000000,14645260,16430400,14414400,15724800,0.00123085,0
WHLR.US,D,20221017,000000,16531200,17457580,16329600,16329600,0.001267755,0
WHLR.US,D,20221018,000000,17035200,17438400,16531200,16531200,0.00063492,0
WHLR.US,D,20221019,000000,16783200,17136000,16128000,16430400,0.000726385,0
WHLR.US,D,20221020,000000,16632000,16632000,15523200,15724800,0.00058333,0
WHLR.US,D,20221021,000000,15523200,16731820,15220800,15724800,0.0003148805,0
WHLR.US,D,20221024,000000,15426460,17035200,15426460,16430400,0.001220535,0
WHLR.US,D,20221025,000000,16201640,17236800,16201640,16934400,0.000602775,0
WHLR.US,D,20221026,000000,16984800,17640000,16984800,17136000,0.0002316465,0
WHLR.US,D,20221027,000000,16732800,17136000,16531200,17136000,0.000151587,0
WHLR.US,D,20221028,000000,17136000,17136000,16732800,17136000,0.000155357,0
WHLR.US,D,20221031,000000,17035200,17136000,16228800,16531200,0.0001709325,0
WHLR.US,D,20221101,000000,17136000,17136000,15926400,15926400,0.000991865,0
WHLR.US,D,20221102,000000,16329600,16531200,16112880,16128000,0.000777575,0
WHLR.US,D,20221103,000000,16128000,17539200,16128000,17136000,0.00262867,0
WHLR.US,D,20221104,000000,17539200,17539200,15976800,17136000,0.002106545,0
WHLR.US,D,20221107,000000,17186400,17539200,16632000,16632000,0.000657535,0
WHLR.US,D,20221108,000000,16314480,16329600,16228800,16228800,0.000405456,0
WHLR.US,D,20221109,000000,17236800,17740800,16430400,17488800,0.00190724,0
WHLR.US,D,20221110,000000,17941420,17941420,17136000,17237780,0.000879165,0
WHLR.US,D,20221111,000000,16329600,17841600,16329600,17640000,0.00137073,0
WHLR.US,D,20221114,000000,17740800,19454400,17539200,19454400,0.0065326,0
WHLR.US,D,20221115,000000,19152000,20059200,18849600,19656000,0.00141835,0
WHLR.US,D,20221116,000000,19252800,19374740,19252800,19374740,0.0000816465,0
WHLR.US,D,20221117,000000,19101600,19656980,18144000,18295200,0.00224117,0
WHLR.US,D,20221118,000000,17510920,18295200,17510920,18192440,0.0002961305,0
WHLR.US,D,20221121,000000,17422300,18648000,17422300,18244800,0.00219196,0
WHLR.US,D,20221122,000000,17438400,19424160,17438400,18648000,0.00071597,0
WHLR.US,D,20221123,000000,17396120,19252800,17396120,18677260,0.000188194,0
WHLR.US,D,20221125,000000,17611720,17640000,17611720,17640000,0.0000642855,0
WHLR.US,D,20221128,000000,16128000,19152000,16027200,19152000,0.00092748,0
WHLR.US,D,20221129,000000,18813340,19152000,17942400,18345600,0.000579165,0
WHLR.US,D,20221130,000000,18144000,18144000,18144000,18144000,0.0000331349,0
WHLR.US,D,20221201,000000,19051200,19051200,16456580,18345600,0.0003316465,0
WHLR.US,D,20221202,000000,17833480,17833480,17833480,17833480,0.0000739085,0
WHLR.US,D,20221205,000000,17337600,18445420,17337600,17740800,0.00079117,0
WHLR.US,D,20221206,000000,18031160,18043200,17438400,18043200,0.000183234,0
WHLR.US,D,20221207,000000,18306260,18306260,16833600,17035200,0.0002037695,0
WHLR.US,D,20221208,000000,15980860,16733780,15980860,16632000,0.0003892855,0
WHLR.US,D,20221209,000000,16632000,16971640,16632000,16934400,0.000184325,0
WHLR.US,D,20221212,000000,16833600,16833600,15825600,16430400,0.0004865075,0
WHLR.US,D,20221213,000000,16430400,17135020,15433460,16632000,0.000562595,0
WHLR.US,D,20221214,000000,14414400,17305400,14414400,16632000,0.001797515,0
WHLR.US,D,20221215,000000,16027200,16529240,15220800,15624000,0.00150813,0
WHLR.US,D,20221216,000000,16128000,17236800,15523200,15825600,0.001879165,0
WHLR.US,D,20221219,000000,16329600,16430400,15523200,15523200,0.00116587,0
WHLR.US,D,20221220,000000,16228800,16430400,15220800,15422400,0.00222718,0
WHLR.US,D,20221221,000000,14918400,16128000,14918400,15120000,0.0002810515,0
WHLR.US,D,20221222,000000,15470840,15522220,14616000,14616000,0.0002066465,0
WHLR.US,D,20221223,000000,15424360,15905260,15069600,15884120,0.00066587,0
WHLR.US,D,20221227,000000,16228800,17035200,13708800,14716800,0.00317192,0
WHLR.US,D,20221228,000000,14212800,14918400,13708800,13809600,0.0003647815,0
WHLR.US,D,20221229,000000,13708800,14918400,13708800,14011200,0.000372222,0
WHLR.US,D,20221230,000000,14212800,14716800,13608000,14073640,0.001398805,0
WHLR.US,D,20230103,000000,14112980,14212800,14112980,14212800,0.000067361,0
WHLR.US,D,20230104,000000,14212800,14212800,13406400,13608000,0.00069593,0
WHLR.US,D,20230105,000000,13809600,14616000,13204800,14212800,0.00158065,0
WHLR.US,D,20230106,000000,14515200,14716800,12600000,14716800,0.004951385,0
WHLR.US,D,20230109,000000,13708800,14918400,13708800,14918400,0.0002002975,0
WHLR.US,D,20230110,000000,14515200,14918400,14515200,14918400,0.000327083,0
WHLR.US,D,20230111,000000,15220800,17640000,14918400,16632000,0.00212361,0
WHLR.US,D,20230112,000000,16329600,17136000,16329600,17136000,0.00015625,0
WHLR.US,D,20230113,000000,17639020,18446400,17438400,17439380,0.00254077,0
WHLR.US,D,20230117,000000,17942400,18849600,17438400,18748800,0.00069613,0
WHLR.US,D,20230118,000000,18144000,19166140,17236800,18748800,0.00153343,0
WHLR.US,D,20230119,000000,17338580,18950400,17338580,18345600,0.00051438,0
WHLR.US,D,20230120,000000,18043200,18494840,17740800,18070360,0.0004680555,0
WHLR.US,D,20230123,000000,17136000,17640000,14414400,15523200,0.00500485,0
WHLR.US,D,20230124,000000,15523200,15624000,15190560,15190560,0.00133492,0
WHLR.US,D,20230125,000000,15422400,15422400,14414400,14767200,0.000821325,0
WHLR.US,D,20230126,000000,15321600,15321600,14707700,15049440,0.000297321,0
WHLR.US,D,20230127,000000,15019200,15724800,13104000,13708800,0.003212895,0
WHLR.US,D,20230130,000000,15422400,16127020,13104000,13104980,0.00479831,0
WHLR.US,D,20230131,000000,13708800,16430400,13708800,16430400,0.00338065,0
WHLR.US,D,20230201,000000,16430400,18144000,16228800,17640000,0.00359077,0
WHLR.US,D,20230202,000000,18144000,18950400,18144000,18950400,0.000391369,0
WHLR.US,D,20230203,000000,17841600,18849600,17035200,18446400,0.00244563,0
WHLR.US,D,20230206,000000,18244800,18244800,17498880,17640000,0.00055248,0
WHLR.US,D,20230207,000000,17136000,17640000,17136000,17539200,0.001670435,0
WHLR.US,D,20230208,000000,17539200,18275040,16128000,17640000,0.001336605,0
WHLR.US,D,20230209,000000,18144000,18144000,15120000,15220800,0.001945335,0
WHLR.US,D,20230210,000000,14868000,15120000,14212800,14515200,0.001415075,0
WHLR.US,D,20230213,000000,14112000,15824620,14112000,14817600,0.000667655,0
WHLR.US,D,20230214,000000,15783320,16228800,14727860,15019200,0.003201785,0
WHLR.US,D,20230215,000000,16328620,16328620,15624000,15724800,0.0003355155,0
WHLR.US,D,20230216,000000,15624980,16027200,15523200,15523200,0.000141567,0
WHLR.US,D,20230217,000000,15523200,16329600,15523200,15624000,0.0000532735,0
WHLR.US,D,20230221,000000,14918400,16430400,14918400,15724800,0.00055188,0
WHLR.US,D,20230222,000000,16430400,16430400,15220800,15220800,0.0002925595,0
WHLR.US,D,20230223,000000,15220800,16329600,15020180,15624000,0.0001412695,0
WHLR.US,D,20230224,000000,16631020,16631020,14918400,14918400,0.000210218,0
WHLR.US,D,20230227,000000,15825600,15825600,14414400,15624000,0.000556445,0
WHLR.US,D,20230228,000000,14619080,15926400,14619080,15926400,0.000176984,0
WHLR.US,D,20230301,000000,15120000,16027200,14918400,14918400,0.001742555,0
WHLR.US,D,20230302,000000,14515200,16732800,14515200,15523200,0.001061405,0
WHLR.US,D,20230303,000000,15321600,17236800,15321600,16128000,0.00132956,0
WHLR.US,D,20230306,000000,15825600,17136000,15422400,17136000,0.000297222,0
WHLR.US,D,20230307,000000,17337600,17540180,16231880,17540180,0.000440575,0
WHLR.US,D,20230308,000000,16833600,17186400,15220800,16833600,0.000965075,0
WHLR.US,D,20230309,000000,16632000,16833600,15120000,15926400,0.001601385,0
WHLR.US,D,20230310,000000,14717780,16128000,14717780,15624000,0.0003882935,0
WHLR.US,D,20230313,000000,16027200,16833600,14716800,15825600,0.0002387895,0
WHLR.US,D,20230314,000000,16228800,16430400,14817600,14817600,0.0001979165,0
WHLR.US,D,20230315,000000,14616000,15523200,14212800,15523200,0.000523115,0
WHLR.US,D,20230316,000000,15220800,15220800,14212800,15220800,0.000540175,0
WHLR.US,D,20230317,000000,16425360,16425360,14414400,15523200,0.002576285,0
WHLR.US,D,20230320,000000,15120000,15926400,12902400,14112000,0.007232,0
WHLR.US,D,20230321,000000,13960800,15825600,13809600,14212800,0.001425595,0
WHLR.US,D,20230322,000000,13708800,14514220,13708800,14514220,0.000439484,0
WHLR.US,D,20230323,000000,15220800,15220800,14314580,14414400,0.000399702,0
WHLR.US,D,20230324,000000,14601860,14601860,14601860,14601860,0.00003392855,0
WHLR.US,D,20230327,000000,11088000,13204800,11088000,13204800,0.0103856,0
WHLR.US,D,20230328,000000,12096000,12448800,11692800,11894400,0.002399105,0
WHLR.US,D,20230329,000000,12499200,12499200,11995200,12196800,0.000790575,0
WHLR.US,D,20230330,000000,12801600,12801600,12801600,12801600,0.000059722,0
WHLR.US,D,20230331,000000,12801600,12801600,12297600,12801600,0.000550395,0
WHLR.US,D,20230403,000000,13406400,13440700,12297600,12297600,0.00051815,0
WHLR.US,D,20230404,000000,13003200,13305600,12600000,12600000,0.001131645,0
WHLR.US,D,20230405,000000,12600000,13004180,12600000,13003200,0.000871525,0
WHLR.US,D,20230406,000000,12700800,13227970,12700800,12700800,0.000565075,0
WHLR.US,D,20230410,000000,12600000,13204800,12600000,13104000,0.000580555,0
WHLR.US,D,20230411,000000,12196800,13305600,12196800,12600000,0.00086101,0
WHLR.US,D,20230413,000000,12700800,13507200,12700800,13507200,0.0001815475,0
WHLR.US,D,20230414,000000,13809600,13809600,12801600,13104000,0.00107827,0
WHLR.US,D,20230417,000000,14112000,14313600,13104000,13910400,0.0002797615,0
WHLR.US,D,20230418,000000,14011200,14011200,12902400,14011200,0.0002475195,0
WHLR.US,D,20230419,000000,12801600,13910400,12801600,13104000,0.0004542655,0
WHLR.US,D,20230420,000000,12627230,13708800,12499200,12499200,0.000630055,0
WHLR.US,D,20230421,000000,13608000,13608000,12227040,13003200,0.000291071,0
WHLR.US,D,20230424,000000,13608000,13608000,12700800,12801600,0.00087956,0
WHLR.US,D,20230425,000000,12398400,13406400,12398400,12801600,0.000146726,0
WHLR.US,D,20230426,000000,12801600,13003200,12398400,13003200,0.000549205,0
WHLR.US,D,20230427,000000,12700800,12700800,11793600,11793600,0.00191825,0
WHLR.US,D,20230428,000000,11865140,12096000,10786580,11995200,0.001412695,0
WHLR.US,D,20230501,000000,11491200,11491200,10584980,10684800,0.0007121,0
WHLR.US,D,20230502,000000,11188800,11390400,10684800,11390400,0.000482837,0
WHLR.US,D,20230503,000000,10684800,11278540,10382400,10382400,0.00093849,0
WHLR.US,D,20230504,000000,10382400,10584000,10382400,10382400,0.000631345,0
WHLR.US,D,20230505,000000,10180800,10382400,9979200,9979200,0.0004002975,0
WHLR.US,D,20230508,000000,10584000,10584000,9979200,9979200,0.0024497,0
WHLR.US,D,20230509,000000,9336110,9931810,7558950,8185940,0.004876485,0
WHLR.US,D,20230510,000000,8173900,13608000,8064000,11088000,0.0898005,0
WHLR.US,D,20230511,000000,9279620,10785600,8197070,8468180,0.0069581,0
WHLR.US,D,20230512,000000,9072000,9777600,8568000,9072000,0.00078353,0
WHLR.US,D,20230515,000000,8568000,9236290,8568000,9236290,0.000822715,0
WHLR.US,D,20230516,000000,9501380,9501380,8165780,8516550,0.002352675,0
WHLR.US,D,20230517,000000,8806910,8806910,7565040,8080100,0.002199005,0
WHLR.US,D,20230518,000000,7862400,8080100,7761600,7818020,0.001544045,0
WHLR.US,D,20230519,000000,7560000,8568000,7560000,7560000,0.000445833,0
WHLR.US,D,20230522,000000,7725270,8313970,7560000,7560000,0.0003508925,0
WHLR.US,D,20230523,000000,7560000,8748460,7560000,8060990,0.00022996,0
WHLR.US,D,20230524,000000,8970150,8970150,8064000,8265600,0.00080982,0
WHLR.US,D,20230525,000000,8197070,8534260,7257600,7257600,0.002958925,0
WHLR.US,D,20230526,000000,7897680,8107330,7217280,7217280,0.00140089,0
WHLR.US,D,20230530,000000,7432950,8222550,7308980,7663810,0.0012873,0
WHLR.US,D,20230531,000000,7308000,7475300,7257600,7257600,0.000785115,0
WHLR.US,D,20230601,000000,8306900,8306900,7257600,7284830,0.002516465,0
WHLR.US,D,20230602,000000,7502530,8126510,7479360,7800870,0.0024499,0
WHLR.US,D,20230605,000000,8190980,8190980,7257600,7264670,0.00121835,0
WHLR.US,D,20230606,000000,7257600,8013600,7056980,7257600,0.001715475,0
WHLR.US,D,20230607,000000,7862400,7862400,7156800,7156800,0.0004956345,0
WHLR.US,D,20230608,000000,7056000,7514640,6452210,6753600,0.002599005,0
WHLR.US,D,20230609,000000,6552000,6591830,6259680,6259680,0.000705355,0
WHLR.US,D,20230612,000000,6753600,6903780,6249600,6552000,0.0619345,0
WHLR.US,D,20230613,000000,7358400,7359380,5304110,5548020,0.050706,0
WHLR.US,D,20230614,000000,5611550,5644800,3931200,5322240,0.04832555,0
WHLR.US,D,20230615,000000,5040000,7560000,4939200,6075230,0.0347207,0
WHLR.US,D,20230616,000000,6578210,8467200,5312160,7056000,0.0401068,0
WHLR.US,D,20230620,000000,7035840,7056000,6257650,6854400,0.001996625,0
WHLR.US,D,20230621,000000,6441120,6854400,6270770,6371570,0.00190843,0
WHLR.US,D,20230622,000000,6249600,6249600,5120640,5241600,0.001999105,0
WHLR.US,D,20230623,000000,5292000,6189120,4939200,5317200,0.001379265,0
WHLR.US,D,20230626,000000,5555090,6168960,5040000,5950210,0.00076994,0
WHLR.US,D,20230627,000000,6161890,6956210,5597410,5654880,0.00090724,0
WHLR.US,D,20230628,000000,6451200,6451200,6090350,6148800,0.00077113,0
WHLR.US,D,20230629,000000,6451200,6773760,6041940,6249600,0.000616865,0
WHLR.US,D,20230630,000000,5775840,6330240,5679060,6209280,0.0003153765,0
WHLR.US,D,20230703,000000,5644800,5927040,5057150,5927040,0.00050198,0
WHLR.US,D,20230705,000000,6061090,6061090,5571230,5928050,0.000774005,0
WHLR.US,D,20230706,000000,5928050,5928050,5362800,5928050,0.0007997,0
WHLR.US,D,20230707,000000,5594400,5845380,5443200,5845380,0.00304861,0
WHLR.US,D,20230710,000000,5571230,6048000,5443200,5715360,0.00063452,0
WHLR.US,D,20230711,000000,5644800,6144770,5464370,6140750,0.001015275,0
WHLR.US,D,20230712,000000,5725440,6552000,5724420,5947200,0.00156359,0
WHLR.US,D,20230713,000000,6048000,6552000,5948210,6350400,0.00102579,0
WHLR.US,D,20230714,000000,6147780,6652800,5952240,5952240,0.003750295,0
WHLR.US,D,20230717,000000,6049010,7025760,6049010,6602400,0.0003057535,0
WHLR.US,D,20230718,000000,6148800,6955200,6148800,6924960,0.001485415,0
WHLR.US,D,20230719,000000,6713280,6854400,6199200,6199200,0.000759225,0
WHLR.US,D,20230720,000000,6199200,6923940,6199200,6389600,0.000829265,0
WHLR.US,D,20230721,000000,6249600,6753600,6048000,6048000,0.0003177575,0
WHLR.US,D,20230724,000000,6048000,6855410,6048000,6409860,0.0017122,0
WHLR.US,D,20230725,000000,6048000,6703200,6048000,6703200,0.0002580355,0
WHLR.US,D,20230726,000000,6652800,6652800,5038980,5946180,0.0075193,0
WHLR.US,D,20230727,000000,5443200,6404820,5040000,6108480,0.00636855,0
WHLR.US,D,20230728,000000,6048000,6374580,6036900,6048000,0.00327569,0
WHLR.US,D,20230731,000000,6350400,6541920,5896800,6048000,0.00995135,0
WHLR.US,D,20230801,000000,6058080,6339300,6048000,6048000,0.001390175,0
WHLR.US,D,20230802,000000,6035890,6300000,6035890,6048000,0.0003686505,0
WHLR.US,D,20230803,000000,6048000,6148800,6042960,6042960,0.0007995,0
WHLR.US,D,20230804,000000,6340320,6340320,5895780,5997600,0.00108224,0
WHLR.US,D,20230807,000000,5796000,6065150,5770800,6048000,0.001531645,0
WHLR.US,D,20230808,000000,5846400,6340320,5745600,6032880,0.00222847,0
WHLR.US,D,20230809,000000,6340320,6711250,5947200,6048000,0.00676295,0
WHLR.US,D,20230810,000000,6048000,6249600,5444210,5947200,0.01051845,0
WHLR.US,D,20230811,000000,5644800,5644800,4536000,4838400,0.01336325,0
WHLR.US,D,20230814,000000,4515840,4636800,4105990,4105990,0.00832825,0
WHLR.US,D,20230815,000000,4536000,4838400,3919090,4536000,0.02387885,0
WHLR.US,D,20230816,000000,4536000,5040000,4091460,4736580,0.0283358,0
WHLR.US,D,20230817,000000,4737600,4737600,3846530,4053170,0.0755215,0
WHLR.US,D,20230818,000000,4737600,6048000,4032380,4082400,1.261315,0
WHLR.US,D,20230821,000000,4021920,4253690,3830400,4011840,0.1283755,0
WHLR.US,D,20230822,000000,4173120,4173120,3721130,3830400,0.0482569,0
WHLR.US,D,20230823,000000,3780000,4687200,3780000,4052260,0.154332,0
WHLR.US,D,20230824,000000,4082400,4102560,3790080,3830400,0.0416121,0
WHLR.US,D,20230825,000000,3919930,4001760,3669120,3669120,0.01525095,0
WHLR.US,D,20230828,000000,3709440,4192160,3538080,3956400,0.218329,0
WHLR.US,D,20230829,000000,4032000,4515840,3850560,3991680,0.231247,0
WHLR.US,D,20230830,000000,3991680,4223520,3830500,3840480,0.0515315,0
WHLR.US,D,20230831,000000,3971520,4636800,3638880,3941280,0.467224,0
WHLR.US,D,20230901,000000,4203360,4737600,4062240,4233600,0.616055,0
WHLR.US,D,20230905,000000,3981600,4515770,3941380,4277940,0.183574,0
WHLR.US,D,20230906,000000,4193280,4929120,4163140,4576320,0.137578,0
WHLR.US,D,20230907,000000,8699040,9495360,6048000,6441120,22.013,0
WHLR.US,D,20230908,000000,5927040,5927040,4727590,4798080,0.45794,0
WHLR.US,D,20230911,000000,4888800,4888800,3538460,3810240,0.507905,0
WHLR.US,D,20230912,000000,3497760,3729600,3235680,3276000,0.3139285,0
WHLR.US,D,20230913,000000,3336480,3497760,3003840,3236380,0.298947,0
WHLR.US,D,20230914,000000,3104640,3719520,3074600,3638880,0.2017675,0
WHLR.US,D,20230915,000000,3336480,4223520,3336480,4132800,0.50598,0
WHLR.US,D,20230918,000000,3880800,4193280,3830400,3890880,0.1036775,0
WHLR.US,D,20230919,000000,3830400,3941280,3608640,3638880,0.0505,0
WHLR.US,D,20230920,000000,3477600,4596480,3477600,4122720,0.0930265,0
WHLR.US,D,20230921,000000,3961440,4284000,3870720,3870720,0.040748,0
WHLR.US,D,20230922,000000,3780000,4092480,3346560,3346560,0.0718835,0
WHLR.US,D,20230925,000000,3144960,3316320,3084480,3205440,0.0638835,0
WHLR.US,D,20230926,000000,3124800,3262700,2822400,2892960,0.0661475,0
WHLR.US,D,20230927,000000,2923200,3860640,2852750,3568320,0.28384,0
WHLR.US,D,20230928,000000,3366720,3568320,2882880,2933280,0.3056675,0
WHLR.US,D,20230929,000000,2963520,3709230,2933280,3306240,0.2115585,0
WHLR.US,D,20231002,000000,3114720,3114720,2620800,2620800,0.320953,0
WHLR.US,D,20231003,000000,2713540,3155040,2328480,3003840,1.217515,0
WHLR.US,D,20231004,000000,2469600,3150000,2378880,2388960,0.76102,0
WHLR.US,D,20231005,000000,2016000,2096640,1542240,1572480,1.029705,0
WHLR.US,D,20231006,000000,1249920,1542240,1179360,1290240,1.32694,0
WHLR.US,D,20231009,000000,1028160,1068480,962542,968184,1.14579,0
WHLR.US,D,20231010,000000,937342,945910,824460,897120,0.814305,0
WHLR.US,D,20231011,000000,1461600,1683360,1128960,1360800,23.34735,0
WHLR.US,D,20231012,000000,1078560,1078560,912240,1048320,1.155285,0
WHLR.US,D,20231013,000000,957600,1088640,933912,998018,0.4391545,0
WHLR.US,D,20231016,000000,971306,987840,896412,902160,0.37395,0
WHLR.US,D,20231017,000000,994188,1098720,967680,991668,0.76071,0
WHLR.US,D,20231018,000000,1028160,1310400,907200,1139040,3.40518,0
WHLR.US,D,20231019,000000,1149120,1239840,988044,998018,3.023295,0
WHLR.US,D,20231020,000000,1179360,1975680,1068480,1401120,29.79415,0
WHLR.US,D,20231023,000000,1199520,1522080,1179360,1280160,2.16483,0
WHLR.US,D,20231024,000000,1310400,1330460,1068480,1108800,0.979095,0
WHLR.US,D,20231025,000000,1048320,1058400,927360,957804,0.812525,0
WHLR.US,D,20231026,000000,962940,967680,917182,937342,0.67826,0
WHLR.US,D,20231027,000000,937440,937440,836640,836640,0.88246,0
WHLR.US,D,20231030,000000,879382,879382,715884,733718,0.735655,0
WHLR.US,D,20231031,000000,705600,715680,587364,636652,1.306475,0
WHLR.US,D,20231101,000000,653184,694512,615888,635140,0.771515,0
WHLR.US,D,20231102,000000,645018,675058,577284,586656,1.16456,0
WHLR.US,D,20231103,000000,574560,586554,470736,514584,1.572395,0
WHLR.US,D,20231106,000000,504000,520732,289498,293228,7.2788,0
WHLR.US,D,20231107,000000,302400,351186,277200,299376,7.2201,0
WHLR.US,D,20231108,000000,284558,302098,273168,285164,2.095825,0
WHLR.US,D,20231109,000000,297360,299780,219542,236678,3.20538,0
WHLR.US,D,20231110,000000,254620,290304,233250,245548,2.56855,0
WHLR.US,D,20231113,000000,244944,244944,206640,212990,1.80565,0
WHLR.US,D,20231114,000000,229622,317520,210672,245850,9.17485,0
WHLR.US,D,20231115,000000,252000,280526,243028,243936,1.611725,0
WHLR.US,D,20231116,000000,244742,254016,201802,212688,2.251575,0
WHLR.US,D,20231117,000000,227002,237282,216720,231840,0.751675,0
WHLR.US,D,20231120,000000,236678,236678,204826,216518,1.66222,0
WHLR.US,D,20231121,000000,216518,220650,166421,166421,2.81554,0
WHLR.US,D,20231122,000000,203616,203616,172469,185069,17.45235,0
WHLR.US,D,20231124,000000,183456,183456,162691,173578,2.31883,0
WHLR.US,D,20231127,000000,167933,274780,167933,237888,14.66695,0
WHLR.US,D,20231128,000000,274580,482628,271152,362880,75.9385,0
WHLR.US,D,20231129,000000,468720,658224,435858,509040,90.787,0
WHLR.US,D,20231130,000000,463680,483840,331430,383040,12.9344,0
WHLR.US,D,20231201,000000,333044,370944,307742,322560,4.808425,0
WHLR.US,D,20231204,000000,295244,321552,266818,282240,3.16128,0
WHLR.US,D,20231205,000000,335966,383040,302400,352800,13.7337,0
WHLR.US,D,20231206,000000,377196,453600,360864,371448,9.90505,0
WHLR.US,D,20231207,000000,402192,438378,373164,433440,3.96031,0
WHLR.US,D,20231208,000000,413076,451584,384348,403404,2.629695,0
WHLR.US,D,20231211,000000,395740,398260,324576,339796,1.478845,0
WHLR.US,D,20231212,000000,344938,382236,336470,352800,1.525365,0
WHLR.US,D,20231213,000000,292320,298368,236880,278108,4.202065,0
WHLR.US,D,20231214,000000,287280,332540,283260,297460,2.14812,0
WHLR.US,D,20231215,000000,308448,352800,226800,226800,3.52036,0
WHLR.US,D,20231218,000000,282240,318930,262080,297360,6.7847,0
WHLR.US,D,20231219,000000,297360,297360,261576,279316,2.07497,0
WHLR.US,D,20231220,000000,273168,300384,269942,292320,1.355555,0
WHLR.US,D,20231221,000000,291010,297360,272160,287684,0.77389,0
WHLR.US,D,20231222,000000,269136,289900,269136,284660,0.52808,0
WHLR.US,D,20231226,000000,292320,332640,292220,327600,2.03885,0
WHLR.US,D,20231227,000000,322560,325684,304214,316210,0.55851,0
WHLR.US,D,20231228,000000,308146,340604,308146,313488,1.00206,0
WHLR.US,D,20231229,000000,306836,318024,277704,307540,0.973055,0
WHLR.US,D,20240102,000000,305928,332640,302904,312480,1.181385,0
WHLR.US,D,20240103,000000,318528,330624,312480,326592,0.55746,0
WHLR.US,D,20240104,000000,316008,319436,292320,295042,0.4415215,0
WHLR.US,D,20240105,000000,300182,311170,278712,282946,0.67753,0
WHLR.US,D,20240108,000000,288792,292622,253008,270144,1.21386,0
WHLR.US,D,20240109,000000,272160,281332,253714,258350,0.4551315,0
WHLR.US,D,20240110,000000,266112,266112,231840,239128,0.645335,0
WHLR.US,D,20240111,000000,241920,266918,231840,232948,0.851745,0
WHLR.US,D,20240112,000000,244138,250992,208756,221760,0.99441,0
WHLR.US,D,20240116,000000,241920,262080,223978,234360,0.62443,0
WHLR.US,D,20240117,000000,236074,251900,222566,229824,0.2688015,0
WHLR.US,D,20240118,000000,238392,238392,212082,225792,0.2477625,0
WHLR.US,D,20240119,000000,219946,224280,201600,214502,0.6618,0
WHLR.US,D,20240122,000000,213696,220248,194645,201700,0.54602,0
WHLR.US,D,20240123,000000,193133,201500,191520,193838,0.4627505,0
WHLR.US,D,20240124,000000,203616,221760,191621,197669,0.4424215,0
WHLR.US,D,20240125,000000,201500,211680,196560,200290,0.2235385,0
WHLR.US,D,20240126,000000,203616,209764,201600,206740,0.2063755,0
WHLR.US,D,20240129,000000,212386,267020,211680,249984,1.116755,0
WHLR.US,D,20240130,000000,239300,252000,221760,238896,0.554615,0
WHLR.US,D,20240131,000000,226700,237988,213796,219642,0.284813,0
WHLR.US,D,20240201,000000,218938,226800,196963,206942,0.632595,0
WHLR.US,D,20240202,000000,186379,211680,186379,203212,0.2551585,0
WHLR.US,D,20240205,000000,196358,209362,190008,191923,0.2284375,0
WHLR.US,D,20240206,000000,191520,197165,171360,179626,1.148745,0
WHLR.US,D,20240207,000000,178920,197568,173376,188899,0.3665435,0
WHLR.US,D,20240208,000000,186480,191016,171360,179626,0.3307815,0
WHLR.US,D,20240209,000000,176400,186178,171461,182246,0.3830195,0
WHLR.US,D,20240212,000000,182246,195048,176501,181440,0.271333,0
WHLR.US,D,20240213,000000,179726,183758,171360,171562,0.2411385,0
WHLR.US,D,20240214,000000,178618,178618,163296,170251,0.3887725,0
WHLR.US,D,20240215,000000,164606,180835,161280,179424,0.465314,0
WHLR.US,D,20240216,000000,166320,178416,161280,173513,0.581875,0
WHLR.US,D,20240220,000000,170352,180331,166320,173578,0.494488,0
WHLR.US,D,20240221,000000,162086,175696,162086,165413,0.266943,0
WHLR.US,D,20240222,000000,162389,169142,154224,161078,0.491708,0
WHLR.US,D,20240223,000000,170150,172771,151502,161280,0.251491,0
WHLR.US,D,20240226,000000,152410,165312,151200,165312,0.2570515,0
WHLR.US,D,20240227,000000,164002,165211,153216,159264,0.312228,0
WHLR.US,D,20240228,000000,156643,169344,156643,169344,0.1827675,0
WHLR.US,D,20240229,000000,160171,197064,160171,197064,1.308235,0
WHLR.US,D,20240301,000000,200390,207042,176603,186480,1.065175,0
WHLR.US,D,20240304,000000,190613,201600,178819,181440,0.2642925,0
WHLR.US,D,20240305,000000,177005,185371,169747,181440,0.346728,0
WHLR.US,D,20240306,000000,170856,211680,170856,211680,1.267285,0
WHLR.US,D,20240307,000000,211680,211680,186480,205530,0.432948,0
WHLR.US,D,20240308,000000,194846,211680,193536,201500,0.220486,0
WHLR.US,D,20240311,000000,207446,221760,201500,212688,0.6468,0
WHLR.US,D,20240312,000000,211680,217930,206640,212688,0.209359,0
WHLR.US,D,20240313,000000,212688,214200,191520,191520,0.264087,0
WHLR.US,D,20240314,000000,191520,191520,171360,178618,0.291201,0
WHLR.US,D,20240315,000000,189806,189806,163195,163195,0.346078,0
WHLR.US,D,20240318,000000,181440,191520,169848,169848,0.277367,0
WHLR.US,D,20240319,000000,168840,179928,163195,163498,0.2062845,0
WHLR.US,D,20240320,000000,166320,175920,166320,175291,0.128724,0
WHLR.US,D,20240321,000000,176400,179928,166320,169344,0.17733,0
WHLR.US,D,20240322,000000,165413,173678,161280,167429,0.4075055,0
WHLR.US,D,20240325,000000,169344,177811,161280,165110,0.425371,0
WHLR.US,D,20240326,000000,181440,181440,157147,163699,0.3255295,0
WHLR.US,D,20240327,000000,169344,169344,160978,166118,0.0891815,0
WHLR.US,D,20240328,000000,161381,166118,156442,158256,0.3031825,0
WHLR.US,D,20240401,000000,167832,167832,158256,161280,0.2691835,0
WHLR.US,D,20240402,000000,151200,165312,151200,160272,0.1995,0
WHLR.US,D,20240403,000000,159264,160272,151200,152611,0.333086,0
WHLR.US,D,20240404,000000,153418,159768,153014,157046,0.1908805,0
WHLR.US,D,20240405,000000,160272,160272,135475,146362,0.787385,0
WHLR.US,D,20240408,000000,150394,156139,144850,149184,0.306741,0
WHLR.US,D,20240409,000000,141523,153115,134064,141120,0.78494,0
WHLR.US,D,20240410,000000,148982,148982,126000,138701,0.75465,0
WHLR.US,D,20240411,000000,139104,148175,132048,145858,0.63675,0
WHLR.US,D,20240412,000000,148176,168235,140112,165614,0.666465,0
WHLR.US,D,20240415,000000,169344,181440,162389,169747,0.4233835,0
WHLR.US,D,20240416,000000,165816,171158,152813,153821,0.2536665,0
WHLR.US,D,20240417,000000,151200,164304,141422,146462,0.337995,0
WHLR.US,D,20240418,000000,154829,155131,132552,132653,0.496588,0
WHLR.US,D,20240419,000000,141120,150998,140823,148578,0.235728,0
WHLR.US,D,20240422,000000,151402,151402,132149,141120,0.3024025,0
WHLR.US,D,20240423,000000,141221,149688,135475,148176,0.141611,0
WHLR.US,D,20240424,000000,151200,151200,136080,142128,0.2374245,0
WHLR.US,D,20240425,000000,141120,150898,141120,147974,0.1792705,0
WHLR.US,D,20240426,000000,151200,155635,141120,148176,0.205091,0
WHLR.US,D,20240429,000000,146664,150595,142934,145454,0.0758055,0
WHLR.US,D,20240430,000000,136080,148882,133358,137088,0.2391875,0
WHLR.US,D,20240501,000000,151200,151200,137995,144043,0.079485,0
WHLR.US,D,20240502,000000,133358,149083,131040,144749,0.114623,0
WHLR.US,D,20240503,000000,141120,144043,138600,139104,0.097829,0
WHLR.US,D,20240506,000000,146160,146160,135072,135072,0.332615,0
WHLR.US,D,20240507,000000,141120,141120,133358,136080,0.1880235,0
WHLR.US,D,20240508,000000,140818,141221,136080,139104,0.1217705,0
WHLR.US,D,20240509,000000,136080,141120,136080,137340,0.114122,0
WHLR.US,D,20240510,000000,141120,141120,131040,131947,0.368713,0
WHLR.US,D,20240513,000000,137592,139003,122170,123077,0.4466605,0
WHLR.US,D,20240514,000000,127008,140818,115517,135173,0.71835,0
WHLR.US,D,20240515,000000,138701,138701,118944,123178,0.799695,0
WHLR.US,D,20240516,000000,123278,156240,120960,137189,3.05908,0
WHLR.US,D,20240517,000000,132720,142380,105517,112980,3.082285,0
WHLR.US,D,20240520,000000,105420,110040,92925,94500,1.71045,0
WHLR.US,D,20240521,000000,95130,102619,89880,92400,1.877545,0
WHLR.US,D,20240522,000000,91560,92786.4,85260,85260,1.51164,0
WHLR.US,D,20240523,000000,86940,86940,74340,76440,1.4045,0
WHLR.US,D,20240524,000000,78960,95760,78960,88620,3.805165,0
WHLR.US,D,20240528,000000,88200,88200,84000,86419.2,0.3934045,0
WHLR.US,D,20240529,000000,86100,103320,86100,96600,2.64007,0
WHLR.US,D,20240530,000000,97440,97440,86100,91560,1.100785,0
WHLR.US,D,20240531,000000,89460,90182.4,82324.2,82740,0.900785,0
WHLR.US,D,20240603,000000,83160,83575.8,78330,81270,1.015305,0
WHLR.US,D,20240604,000000,79594.2,79795.8,70564.2,77700,1.34002,0
WHLR.US,D,20240605,000000,79380,79380,72450,74340,0.68995,0
WHLR.US,D,20240606,000000,74340,74340,72240,73080,0.4875475,0
WHLR.US,D,20240607,000000,72647.4,74340,66557.4,67620,0.4066425,0
WHLR.US,D,20240610,000000,68460,68460,65100,65940,0.4630235,0
WHLR.US,D,20240611,000000,65940,128100,61740,112560,282.91,0
WHLR.US,D,20240612,000000,137760,149516,87360,97860,234.731,0
WHLR.US,D,20240613,000000,94080,177240,94080,125160,187.99,0
WHLR.US,D,20240614,000000,118440,159600,109624,117600,37.37785,0
WHLR.US,D,20240617,000000,112140,117579,95760,101640,4.472925,0
WHLR.US,D,20240618,000000,100800,115500,91564.2,110040,5.99655,0
WHLR.US,D,20240620,000000,107520,120540,106684,115080,3.905,0
WHLR.US,D,20240621,000000,112140,116336,105882,115500,1.884115,0
WHLR.US,D,20240624,000000,110040,144900,108864,136080,5.01225,0
WHLR.US,D,20240625,000000,131880,139860,126840,132300,1.85802,0
WHLR.US,D,20240626,000000,129780,129780,112560,116760,2.8949,0
WHLR.US,D,20240627,000000,115080,119700,109200,111300,1.562305,0
WHLR.US,D,20240628,000000,103404,251160,103404,130452,60.9475,0
WHLR.US,D,20240701,000000,129444,165480,118118,145656,11.73615,0
WHLR.US,D,20240702,000000,139860,167832,139860,154980,4.84702,0
WHLR.US,D,20240703,000000,156912,176317,153300,163884,4.43702,0
WHLR.US,D,20240705,000000,161028,163883,126168,128772,3.61369,0
WHLR.US,D,20240708,000000,134652,144983,130873,134484,1.84738,0
WHLR.US,D,20240709,000000,132636,132636,126168,126168,0.77607,0
WHLR.US,D,20240710,000000,125748,125748,100800,101724,4.328095,0
WHLR.US,D,20240711,000000,100716,105672,91392.8,93660,2.1825,0
WHLR.US,D,20240712,000000,92400,104831,90239.8,96432,1.92119,0
WHLR.US,D,20240715,000000,101220,103488,88200,88200,2.64226,0
WHLR.US,D,20240716,000000,88284,88829.2,82572,82866,1.677615,0
WHLR.US,D,20240717,000000,82404,83370.8,76118,78456,2.4744,0
WHLR.US,D,20240718,000000,76860,78905.4,74004,74508,1.003925,0
WHLR.US,D,20240719,000000,73668,73668,65436,71400,1.71845,0
WHLR.US,D,20240722,000000,70560,71144.4,64764,64764,1.61214,0
WHLR.US,D,20240723,000000,68124,85092,64260.8,66192,25.2558,0
WHLR.US,D,20240724,000000,65520,92652,65352,75516,31.5576,0
WHLR.US,D,20240725,000000,76944,78120,66360,77868,9.18975,0
WHLR.US,D,20240726,000000,74146,76890,72072.8,75264,4.278095,0
WHLR.US,D,20240729,000000,75264,75264,72156,72156,2.54369,0
WHLR.US,D,20240730,000000,72156,72156,44688,44940,14.20045,0
WHLR.US,D,20240731,000000,46956,46956,40740,40740,8.02795,0
WHLR.US,D,20240801,000000,42840,44099.2,35700,35784,8.2302,0
WHLR.US,D,20240802,000000,34188,36120,30408,32676,6.75055,0
WHLR.US,D,20240805,000000,31416,31416,24234,26628,11.1389,0
WHLR.US,D,20240806,000000,28476,29820,24024,25200,7.68045,0
WHLR.US,D,20240807,000000,24276,31332,21840,27132,33.14365,0
WHLR.US,D,20240808,000000,26292,27389,20916,21168,26.2069,0
WHLR.US,D,20240809,000000,20664,22344,15880.2,17136,27.2377,0
WHLR.US,D,20240812,000000,19992,31920,19656,27636,572.91,0
WHLR.US,D,20240813,000000,25536,25872,19992,23352,41.92665,0
WHLR.US,D,20240814,000000,24612,26954,22092,23436,38.00665,0
WHLR.US,D,20240815,000000,22680,25116,22092.8,22512,17.17365,0
WHLR.US,D,20240816,000000,23436,23856.8,20832,22260,14.03165,0
WHLR.US,D,20240819,000000,21840,22169.2,20160,20916,4.927975,0
WHLR.US,D,20240820,000000,21756,22092,19657.7,20748,7.42925,0
WHLR.US,D,20240821,000000,21000,21756,19320,20076,4.751785,0
WHLR.US,D,20240822,000000,19740,23520,19740,21420,20.08805,0
WHLR.US,D,20240823,000000,20664,22512,19866,20160,15.51605,0
WHLR.US,D,20240826,000000,20160,20496,16884,17388,14.792,0
WHLR.US,D,20240827,000000,17472,17472,14868,15372,21.16555,0
WHLR.US,D,20240828,000000,14700,15204,11004,11592,30.8671,0
WHLR.US,D,20240829,000000,11760,11760,8568,9828,71.6845,0
WHLR.US,D,20240830,000000,9576,10164,8148,8820,47.97925,0
WHLR.US,D,20240903,000000,9072,9492,8110.2,9492,31.1632,0
WHLR.US,D,20240904,000000,9072,9156,8316.84,8652,24.5544,0
WHLR.US,D,20240905,000000,8484,56532,8484,34776,9568.35,0
WHLR.US,D,20240906,000000,74256,104580,59724,86100,9582.65,0
WHLR.US,D,20240909,000000,68964,73500,54684,55860,1113.565,0
WHLR.US,D,20240910,000000,63672,83160,61740,61908,3359.98,0
WHLR.US,D,20240911,000000,60900,65352,55440.8,56280,255.2435,0
WHLR.US,D,20240912,000000,53760,55776,37800,39984,221.047,0
WHLR.US,D,20240913,000000,36204,62748,32340,45612,1667.105,0
WHLR.US,D,20240916,000000,51072,69972,49560,61740,1869.725,0
WHLR.US,D,20240917,000000,79632,85932,67620.8,78120,1508.38,0
WHLR.US,D,20240918,000000,65268,69845.2,55020,56616,203.2745,0
WHLR.US,D,20240919,000000,54600,61236,52080,52668,112.103,0
WHLR.US,D,20240920,000000,52276,57400,37828,39200,133.7215,0
WHLR.US,D,20240923,000000,47096,48075.6,36792,36848,286.378,0
WHLR.US,D,20240924,000000,38164,40880,29764,32480,158.0575,0
WHLR.US,D,20240925,000000,30828,31948,25956,26964,156.5005,0
WHLR.US,D,20240926,000000,25508,29679.4,22960,26320,163.861,0
WHLR.US,D,20240927,000000,25816,27804,23912,25228,136.6995,0
WHLR.US,D,20240930,000000,25200,26544,22568,22652,81.3805,0
WHLR.US,D,20241001,000000,22232,22260,18788,18844,133.3815,0
WHLR.US,D,20241002,000000,19488,50372,19460,37492,7764.75,0
WHLR.US,D,20241003,000000,47880,52668,41300.2,46536,2441.46,0
WHLR.US,D,20241004,000000,42168,47600,37468.2,37996,279.075,0
WHLR.US,D,20241007,000000,34916,44800,33600.6,35168,266.5535,0
WHLR.US,D,20241008,000000,34776,35373.2,28700,28840,204.6335,0
WHLR.US,D,20241009,000000,29120,30112.8,22428,27328,149.467,0
WHLR.US,D,20241010,000000,33320,42616,33292,36568,2278.295,0
WHLR.US,D,20241011,000000,35420,37282,30800,32312,168.9705,0
WHLR.US,D,20241014,000000,34216,35616,33040,33936,80.185,0
WHLR.US,D,20241015,000000,32648,33628,28593.6,29036,114.594,0
WHLR.US,D,20241016,000000,28000,29540,27720,28392,62.8515,0
WHLR.US,D,20241017,000000,28392,31584,28000,30212,87.9875,0
WHLR.US,D,20241018,000000,29120,34972,28335.6,33376,304.255,0
WHLR.US,D,20241021,000000,32368,35840,30940,32732,142.391,0
WHLR.US,D,20241022,000000,32200,36260,30912,33768,228.7135,0
WHLR.US,D,20241023,000000,32872,32872,28000,28000,87.615,0
WHLR.US,D,20241024,000000,28868,31752,28644,30744,75.8365,0
WHLR.US,D,20241025,000000,30100,30744,27552,27748,62.2095,0
WHLR.US,D,20241028,000000,27804,28700,27160,28280,41.84535,0
WHLR.US,D,20241029,000000,27720,27720,25368,26040,42.84855,0
WHLR.US,D,20241030,000000,26348,26480,24080,25116,65.1195,0
WHLR.US,D,20241031,000000,25004,25060,22848,23184,44.2596,0
WHLR.US,D,20241101,000000,23156,23156,20832,22820,42.33,0
WHLR.US,D,20241104,000000,25648,27664,21196,21392,208.6115,0
WHLR.US,D,20241105,000000,21560,21616,20440,21308,65.1805,0
WHLR.US,D,20241106,000000,21308,22708,20160,22624,90.985,0
WHLR.US,D,20241107,000000,22400,23156,20440.4,21280,76.608,0
WHLR.US,D,20241108,000000,20720,21612.4,20468,21112,79.273,0
WHLR.US,D,20241111,000000,22036,22036,19768,20188,46.5496,0
WHLR.US,D,20241112,000000,19796,20916,19068,20300,27.58675,0
WHLR.US,D,20241113,000000,20020,20691.6,19153.1,19460,29.4857,0
WHLR.US,D,20241114,000000,18396,19796,18396,19096,21.00285,0
WHLR.US,D,20241115,000000,19096,19600,17556,17696,17.91355,0
WHLR.US,D,20241118,000000,17556,20104,15625.7,16184,68.6685,0
WHLR.US,D,20241119,000000,14168,15790.2,13314,14700,145.611,0
WHLR.US,D,20241120,000000,14504,14588,12292,12614,98.5085,0
WHLR.US,D,20241121,000000,12614,13569.6,12040,12166,41.09785,0
WHLR.US,D,20241122,000000,12390,13916,11337.1,11900,160.0435,0
WHLR.US,D,20241125,000000,11900,12387.9,10598,11886,98.8475,0
WHLR.US,D,20241126,000000,11578,11688,11242.1,11522,19.96285,0
WHLR.US,D,20241127,000000,11522,13622,11278,11494,146.9735,0
WHLR.US,D,20241129,000000,11410,11494,10850,11214,23.92285,0
WHLR.US,D,20241202,000000,11200,11676,10626,10640,45.40785,0
WHLR.US,D,20241203,000000,10612,11084.6,8904,9072,118.872,0
WHLR.US,D,20241204,000000,9240,9240,7882,8050,177.497,0
WHLR.US,D,20241205,000000,7994,8120,7154,7490,236.2505,0
WHLR.US,D,20241206,000000,7518,8855,7182,7630,238.855,0
WHLR.US,D,20241209,000000,7546,8092,6727,7350,173.152,0
WHLR.US,D,20241210,000000,7182,7574,6956.46,7434,67.142,0
WHLR.US,D,20241211,000000,7112,7238,6174.14,6244,258.327,0
WHLR.US,D,20241212,000000,7014,9590,6006,6216,4287.185,0
WHLR.US,D,20241213,000000,7588,8470,6272,6678,5546.45,0
WHLR.US,D,20241216,000000,6636,6986,5922,6440,449.849,0
WHLR.US,D,20241217,000000,6300,7266,6118,6720,534.59,0
WHLR.US,D,20241218,000000,7168,7168,5922,5936,254.319,0
WHLR.US,D,20241219,000000,6188,6188,5252.38,5586,351.7025,0
WHLR.US,D,20241220,000000,5250,5950,5245.8,5670,145.5505,0
WHLR.US,D,20241223,000000,6118,6132,5376,5670,239.549,0
WHLR.US,D,20241224,000000,5516,5516,5222,5390,109.507,0
WHLR.US,D,20241226,000000,5334,5558,5068,5320,168.2955,0
WHLR.US,D,20241227,000000,5320,5334,4886,4942,190.8825,0
WHLR.US,D,20241230,000000,4858,5870.2,4849.6,5208,390.941,0
WHLR.US,D,20241231,000000,5110,5334,4620,4718,238.21,0
WHLR.US,D,20250102,000000,4718,5250,4592,4970,262.1355,0
WHLR.US,D,20250103,000000,4830,5067.44,4704,4816,106.949,0
WHLR.US,D,20250106,000000,4900,4900,4508.14,4620,273.254,0
WHLR.US,D,20250107,000000,4550,6636,4354,4970,3186.79,0
WHLR.US,D,20250108,000000,4634,4746,3766,3822,678.135,0
WHLR.US,D,20250110,000000,3836,3836,3402,3556,199.1825,0
WHLR.US,D,20250113,000000,3668,3668,3192,3276,123.1235,0
WHLR.US,D,20250114,000000,3234,3752,3234,3430,170.034,0
WHLR.US,D,20250115,000000,3542,3976,3276,3290,288.581,0
WHLR.US,D,20250116,000000,5712,6719.86,3570,3990,57709.5,0
WHLR.US,D,20250117,000000,3710,3976,3374,3458,1232.47,0
WHLR.US,D,20250121,000000,3500,3609.2,3080,3304,484.0585,0
WHLR.US,D,20250122,000000,3206,3458,3080,3164,468.816,0
WHLR.US,D,20250123,000000,3010,3038,2688,2744,614.47,0
WHLR.US,D,20250124,000000,2800,2926,2688,2786,375.7525,0
WHLR.US,D,20250127,000000,2688,2954,2548,2744,280.0785,0
WHLR.US,D,20250128,000000,2138.5,2520,1960,2215.5,967.6,0
WHLR.US,D,20250129,000000,2201.5,2516.5,2187.52,2345,575.755,0
WHLR.US,D,20250130,000000,2345,2604,2240,2509.5,622.04,0
WHLR.US,D,20250131,000000,2520,2550.8,2184.72,2199.76,332.3485,0
WHLR.US,D,20250203,000000,2212,2264.5,2075.52,2138.5,475.7025,0
WHLR.US,D,20250204,000000,2096.5,2222.5,2075.5,2075.5,388.6855,0
WHLR.US,D,20250205,000000,1995,2006.48,1809.5,1925,386.1655,0
WHLR.US,D,20250206,000000,1991.5,1991.5,1676.5,1774.5,288.294,0
WHLR.US,D,20250207,000000,1711.5,1802.43,1575,1617,212.3825,0
WHLR.US,D,20250210,000000,1620.5,1651.61,1389.53,1417.5,325.734,0
WHLR.US,D,20250211,000000,1400,1652,1361.5,1522.5,584.97,0
WHLR.US,D,20250212,000000,1491,1592.5,1414,1522.5,507.65,0
WHLR.US,D,20250213,000000,1491,1676.5,1491,1540,583.45,0
WHLR.US,D,20250214,000000,1512,1641.64,1490.3,1519,283.871,0
WHLR.US,D,20250218,000000,1480.5,1526,1288,1330,518.765,0
WHLR.US,D,20250219,000000,1284.5,1307.18,1155,1225,534.465,0
WHLR.US,D,20250220,000000,1190,1216.39,1050,1102.5,308.7455,0
WHLR.US,D,20250221,000000,1078,1105.79,1045.8,1064,218.6885,0
WHLR.US,D,20250224,000000,1078,1354.5,1036,1155,2338.78,0
WHLR.US,D,20250225,000000,1071,1113,980,1029,528.12,0
WHLR.US,D,20250226,000000,1039.5,1162,962.5,994,726.28,0
WHLR.US,D,20250227,000000,1001,1067.5,927.5,945,445.7485,0
WHLR.US,D,20250228,000000,917,962.5,899.5,917,186.377,0
WHLR.US,D,20250303,000000,903,924,770,773.5,519.61,0
WHLR.US,D,20250304,000000,752.5,1389.5,455,525,50934,0
WHLR.US,D,20250305,000000,497,513.624,423.5,465.5,2606.165,0
WHLR.US,D,20250306,000000,434,434,360.5,367.5,4035.425,0
WHLR.US,D,20250307,000000,413,567,385,500.5,62162,0
WHLR.US,D,20250310,000000,465.5,514.5,395.676,399,4221.54,0
WHLR.US,D,20250311,000000,406,441,364,402.5,2060.09,0
WHLR.US,D,20250312,000000,389.2,441,388.5,388.5,1614.1,0
WHLR.US,D,20250313,000000,416.5,451.5,392,406,1792.86,0
WHLR.US,D,20250314,000000,409.5,437.5,395.5,402.5,1291.36,0
WHLR.US,D,20250317,000000,402.5,448,402.5,420,1749.255,0
WHLR.US,D,20250318,000000,409.5,498.75,402.5,451.5,3009.12,0
WHLR.US,D,20250319,000000,451.5,465.5,434,448,878.2,0
WHLR.US,D,20250320,000000,441,441,385,395.5,1560.585,0
WHLR.US,D,20250321,000000,385,416.5,382.374,388.5,1011.015,0
WHLR.US,D,20250324,000000,374.5,381.5,318.5,332.5,2031.145,0
WHLR.US,D,20250325,000000,332.5,332.5,287.316,295.33,1053.39,0
WHLR.US,D,20250326,000000,294,306.95,276.5,276.5,600.415,0
WHLR.US,D,20250327,000000,232.4,314.672,232.4,266,7778.4,0
WHLR.US,D,20250328,000000,261.8,269.396,204.4,231,4273.485,0
WHLR.US,D,20250331,000000,214.2,249.326,204.4,221.2,1480.97,0
WHLR.US,D,20250401,000000,224,240.1,214.9,232.75,1757.525,0
WHLR.US,D,20250402,000000,232.4,292.496,232.4,238.7,3708.2,0
WHLR.US,D,20250403,000000,245,245,221.2,241.5,2745.11,0
WHLR.US,D,20250404,000000,233.1,240.996,207.2,213.5,3325.855,0
WHLR.US,D,20250407,000000,210.7,216.672,184.8,184.8,3831.3,0
WHLR.US,D,20250408,000000,170.1,174.3,147,174.3,5102.7,0
WHLR.US,D,20250409,000000,159.6,171.493,149.107,165.9,9438.35,0
WHLR.US,D,20250410,000000,224.7,260.392,147.707,153.3,544027.5,0
WHLR.US,D,20250411,000000,142.1,144.893,116.2,125.3,19471.15,0
WHLR.US,D,20250414,000000,116.9,124.6,103.6,112.7,10823,0
WHLR.US,D,20250415,000000,105,110.6,102.9,103.6,6452.45,0
WHLR.US,D,20250416,000000,98,106.4,93.1,98,7848.45,0
WHLR.US,D,20250417,000000,95.9,100.8,91.14,95.9,4178.8,0
WHLR.US,D,20250421,000000,92.4,93.793,77.7,79.8,6853.7,0
WHLR.US,D,20250422,000000,79.8,98,76.307,88.2,37962.15,0
WHLR.US,D,20250423,000000,89.6,91.693,81.9,86.1,8189.1,0
WHLR.US,D,20250424,000000,86.1,92.4,84.7,86.8,6497.85,0
WHLR.US,D,20250425,000000,87.5,125.3,83.3,84,141899.5,0
WHLR.US,D,20250428,000000,84,84,77.7,79.1,8722.5,0
WHLR.US,D,20250429,000000,81.2,86.8,78.4,86.1,50896,0
WHLR.US,D,20250430,000000,80.5,84,78.4,80.5,4209.47,0
WHLR.US,D,20250501,000000,80.5,99.4,80.5,94.5,21490.5,0
WHLR.US,D,20250502,000000,88.2,94.5,85.4,86.1,7408.9,0
WHLR.US,D,20250505,000000,84,90.3,81.9,83.3,7051.95,0
WHLR.US,D,20250506,000000,77,77,63.777,68.096,11955.95,0
WHLR.US,D,20250507,000000,70,72.1,66.731,68.978,4592.185,0
WHLR.US,D,20250508,000000,68.579,69.986,61.6,66.612,5616.7,0
WHLR.US,D,20250509,000000,65.94,72.1,65.807,67.55,4265.44,0
WHLR.US,D,20250512,000000,69.3,79.093,68.607,71.4,5671.25,0
WHLR.US,D,20250513,000000,69.3,76.3,69.3,74.2,3559.655,0
WHLR.US,D,20250514,000000,75.6,75.6,70.7,71.4,2325.54,0
WHLR.US,D,20250515,000000,70.7,72.45,67.9,70,2452.74,0
WHLR.US,D,20250516,000000,71.4,85.4,71.4,79.8,8333.65,0
WHLR.US,D,20250519,000000,79.1,81.585,74.2,75.6,2293.57,0
WHLR.US,D,20250520,000000,74.9,89.6,74.9,86.8,9682.55,0
WHLR.US,D,20250521,000000,85.4,85.4,74.2,74.2,9404.9,0
WHLR.US,D,20250522,000000,71.4,71.75,45.43,51.8,27376.3,0
WHLR.US,D,20250523,000000,52.437,52.437,45.1498,50.911,11038.25,0
WHLR.US,D,20250527,000000,47.9,58,46.511,51.255,17264,0
WHLR.US,D,20250528,000000,52.2,52.2,43,46.4,18051.3,0
WHLR.US,D,20250529,000000,46.3,46.4,42.8,43.4,13670.9,0
WHLR.US,D,20250530,000000,42.7,43.3,39.2,39.8,8253.2,0
WHLR.US,D,20250602,000000,40.1,47.4,39.5,43.2,31227.5,0
WHLR.US,D,20250603,000000,44.5,45.458,41.801,43,11683.3,0
WHLR.US,D,20250604,000000,43.3,78.7,41.7,52.9,250885.5,0
WHLR.US,D,20250605,000000,51.2,51.851,48,49.5,24131.7,0
WHLR.US,D,20250606,000000,46,48.4,44.001,45.85,14708.2,0
WHLR.US,D,20250609,000000,45.6,49.685,44.1,48.6,10148.2,0
WHLR.US,D,20250610,000000,47.4,50.601,44.5,45,8533.2,0
WHLR.US,D,20250611,000000,44.1,46.9,43,44.3,7853,0
WHLR.US,D,20250612,000000,43.6,44.317,42,44.2,4483,0
WHLR.US,D,20250613,000000,43.6,43.991,36.9,37.6,11354,0
WHLR.US,D,20250616,000000,38.3,39.2,37.6,38,4893.4,0
WHLR.US,D,20250617,000000,38,38,33.3,33.6,8451.1,0
WHLR.US,D,20250618,000000,35,37.4,33.501,34.2,343436.5,0
WHLR.US,D,20250620,000000,75.8,100.5,61.6,72,5235071,0
WHLR.US,D,20250623,000000,66.4,72.45,60.6,64.3,67170,0
WHLR.US,D,20250624,000000,61.9,81,60.202,70,64057,0
WHLR.US,D,20250625,000000,70,74.399,62.8,70.3,19072,0
WHLR.US,D,20250626,000000,67.9,71.893,65,65.3,11603.8,0
WHLR.US,D,20250627,000000,65,68.9,61.6,61.8,19094.9,0
WHLR.US,D,20250630,000000,62.5,64.7,60.1,60.6,11253.9,0
WHLR.US,D,20250701,000000,59.9,62.5,59.1,60.8,5683.2,0
WHLR.US,D,20250702,000000,57.7,60,56.533,58.2,13622.2,0
WHLR.US,D,20250703,000000,57.9,64.005,57.9,62.1,7698.9,0
WHLR.US,D,20250707,000000,60.85,61.3,55.4,58.5,13118.6,0
WHLR.US,D,20250708,000000,58.1,60.656,57.8,58,4350.2,0
WHLR.US,D,20250709,000000,59.3,59.3,56.501,59,4908.7,0
WHLR.US,D,20250710,000000,58,61.4,58,60.4,4359.3,0
WHLR.US,D,20250711,000000,60.2,60.506,57.6,59.2,2488.4,0
WHLR.US,D,20250714,000000,58,58.818,55.9,55.9,2916.2,0
WHLR.US,D,20250715,000000,55.3,57.332,50.4,51.3,3847,0
WHLR.US,D,20250716,000000,51.2,53.4,50.5,52.9,2230.9,0
WHLR.US,D,20250717,000000,52,54.1,50.9,52,2644.4,0
WHLR.US,D,20250718,000000,51.5,51.6,46.5,47.2,5254.8,0
WHLR.US,D,20250721,000000,47.7,49.19,45.301,45.5,3540.6,0
WHLR.US,D,20250722,000000,44.6,44.827,40.501,41.7,9708.3,0
WHLR.US,D,20250723,000000,41.4,44.9,41.4,44.4,4082.9,0
WHLR.US,D,20250724,000000,43.5,44,41.6,42.2,4108.2,0
WHLR.US,D,20250725,000000,43.1,43.45,40.6,41,3038.6,0
WHLR.US,D,20250728,000000,40.3,41.3,39.8,40.1,2984.3,0
WHLR.US,D,20250729,000000,39.8,40,36.4,36.9,5909,0
WHLR.US,D,20250730,000000,36.8,36.8,34.45,35.1,4976,0
WHLR.US,D,20250731,000000,35,35.402,34,34.1,4045,0
WHLR.US,D,20250801,000000,33.4,34.399,32.7,34.3,4001.1,0
WHLR.US,D,20250804,000000,33.7,34.4,32.1,33.9,48418.8,0
WHLR.US,D,20250805,000000,36.5,39.9,33.473,34.2,46706.8,0
WHLR.US,D,20250806,000000,32.1,32.65,25,28.8,28375.4,0
WHLR.US,D,20250807,000000,29.3,30.5,26.201,28.1,9857.1,0
WHLR.US,D,20250808,000000,27.8,29,26.5,27.8,7427.1,0
WHLR.US,D,20250811,000000,27.6,28.019,24.5,25.5,17710.5,0
WHLR.US,D,20250812,000000,25.4,25.4,22.02,22.3,12269.7,0
WHLR.US,D,20250813,000000,23.2,23.5,22.6,23.2,8929,0
WHLR.US,D,20250814,000000,23.2,23.2,21.1,21.1,9987.6,0
WHLR.US,D,20250815,000000,21.1,21.7,19.4,20.4,13241.6,0
WHLR.US,D,20250818,000000,21.1,24.9,19.7,20,373785.5,0
WHLR.US,D,20250819,000000,21,23.2,20.2,21.2,142514,0
WHLR.US,D,20250820,000000,19.7,20.026,18.1,18.7,50355,0
WHLR.US,D,20250821,000000,18.5,18.851,17.5,17.6,26514.5,0
WHLR.US,D,20250822,000000,18,19,17.4,17.7,22947.9,0
WHLR.US,D,20250825,000000,18.4,20.934,17.5,17.6,47013.8,0
WHLR.US,D,20250826,000000,17.6,17.699,15.301,15.4,21951.8,0
WHLR.US,D,20250827,000000,16.1,22.4,15,15.1,451205,0
WHLR.US,D,20250828,000000,18.1,19.8,16.394,18.6,1814712,0
WHLR.US,D,20250829,000000,18.1,18.7,17,17.7,70268.5,0
WHLR.US,D,20250902,000000,17.7,18.5,15.9,17.2,53096.5,0
WHLR.US,D,20250903,000000,17.4,18.8,16.8,18,47442,0
WHLR.US,D,20250904,000000,17.9,18.8,17.2,17.4,41327.7,0
WHLR.US,D,20250905,000000,17.5,18,16.8,17,20048,0
WHLR.US,D,20250908,000000,17,17.39,16.4,17.2,35976.8,0
WHLR.US,D,20250909,000000,17.7,22,17.05,19.2,771246.5,0
WHLR.US,D,20250910,000000,18.5,19.4,17.7,18.2,569141,0
WHLR.US,D,20250911,000000,22.1,25.9,20.4,23.4,3185677,0
WHLR.US,D,20250912,000000,21.5,22.1,19,19.8,199813.5,0
WHLR.US,D,20250915,000000,19.7,20.3,18.6,19,87336.5,0
WHLR.US,D,20250916,000000,21.4,24.2,20,23,1381312,0
WHLR.US,D,20250917,000000,21.3,25.5,19.9,20.8,526293.5,0
WHLR.US,D,20250918,000000,15.9,16.9,14.8,15.4,205666,0
WHLR.US,D,20250919,000000,15.4,15.4,14.5,14.6,98399.5,0
WHLR.US,D,20250922,000000,14.2,14.4,13.5,13.6,79621.5,0
WHLR.US,D,20250923,000000,13,14.56,13,13.34,114770.5,0
WHLR.US,D,20250924,000000,13.2,13.3928,12.3,13.22,90155,0
WHLR.US,D,20250925,000000,13.26,14.6,12.9,13.9,144910.5,0
WHLR.US,D,20250926,000000,13.6,14.2,13.16,13.24,84029,0
WHLR.US,D,20250929,000000,13.2,13.86,13.1,13.72,50825,0
WHLR.US,D,20250930,000000,13.35,13.5,12.3202,12.52,50361.5,0
WHLR.US,D,20251001,000000,12.42,12.7998,12.09,12.18,28972.5,0
WHLR.US,D,20251002,000000,12.02,12.04,10.7002,10.86,60175.5,0
WHLR.US,D,20251003,000000,10.86,12.2574,10.86,11.42,52867,0
WHLR.US,D,20251006,000000,11.42,11.64,10.62,11.56,90738.5,0
WHLR.US,D,20251007,000000,11.18,11.5598,9.44,9.58,114776,0
WHLR.US,D,20251008,000000,9.64,9.6948,8.8,9.36,99634.5,0
WHLR.US,D,20251009,000000,9.4,9.7798,8.52,8.7,62061,0
WHLR.US,D,20251010,000000,8.74,8.9996,7.7,7.85,51162.5,0
WHLR.US,D,20251013,000000,7.76,7.8398,7.4,7.76,53079.5,0
WHLR.US,D,20251014,000000,7.54,7.8056,6.82,7.76,55520,0
WHLR.US,D,20251015,000000,8.2,8.78,7.46,7.72,73691,0
WHLR.US,D,20251016,000000,7.66,7.9,7.32,7.46,23286.5,0
WHLR.US,D,20251017,000000,7.18,7.4,6.6,6.92,39622,0
WHLR.US,D,20251020,000000,6.68,7.34,6.64,6.92,27271,0
WHLR.US,D,20251021,000000,6.98,7.6774,6.96,7.3,59078,0
WHLR.US,D,20251022,000000,7.14,7.311,6.44,6.68,54019.5,0
WHLR.US,D,20251023,000000,6.42,7.62,6.42,6.86,66591.5,0
WHLR.US,D,20251024,000000,6.8,7.38,6.44,6.54,54438.5,0
WHLR.US,D,20251027,000000,6.6,6.88,6.38,6.78,28710.5,0
WHLR.US,D,20251028,000000,6.76,6.76,5.92,6.48,95923,0
WHLR.US,D,20251029,000000,6.324,6.48,5.98,6,32501.5,0
WHLR.US,D,20251030,000000,5.92,6.08,5.58,5.9,41904,0
WHLR.US,D,20251031,000000,5.86,6.26,5.7998,5.96,12931,0
WHLR.US,D,20251103,000000,5.9,6.08,5.708,5.86,14944,0
WHLR.US,D,20251104,000000,5.78,6.12,5.1802,5.22,45280,0
WHLR.US,D,20251105,000000,5.18,5.7308,5,5.16,51427,0
WHLR.US,D,20251106,000000,5,5.14,4.18,4.24,64608.5,0
WHLR.US,D,20251107,000000,4.24,4.42,3.64,3.7,75648,0
WHLR.US,D,20251110,000000,3.86,4.07,3.7,3.78,109375,0
WHLR.US,D,20251111,000000,3.84,4.8998,3.8332,4.7,387344.5,0
WHLR.US,D,20251112,000000,4.64,4.64,3.9,4,114945.5,0
WHLR.US,D,20251113,000000,4,4.0958,3.82,3.88,33916.5,0
WHLR.US,D,20251114,000000,3.92,3.92,3.68,3.7,46061.5,0
WHLR.US,D,20251117,000000,3.74,4.44,3.7,4,68466.5,0
WHLR.US,D,20251118,000000,3.98,4.3,3.82,4.1,39729.5,0
WHLR.US,D,20251119,000000,4.06,4.26,3.86,4.2,41091.5,0
WHLR.US,D,20251120,000000,4.06,4.1778,4,4.12,33011.5,0
WHLR.US,D,20251121,000000,4.1,4.18,3.9,3.96,24824.5,0
WHLR.US,D,20251124,000000,4,4.2398,3.96,3.98,40128,0
WHLR.US,D,20251125,000000,4.0122,4.02,3.8,3.9,25949,0
WHLR.US,D,20251126,000000,3.82,3.88,2.7198,2.82,348577,0
WHLR.US,D,20251128,000000,2.9,3.1398,2.86,2.92,117517,0
WHLR.US,D,20251201,000000,2.85,4.58,2.64,3.64,2079318,0
WHLR.US,D,20251202,000000,3.25,3.36,2.8774,3.25,428685,0
WHLR.US,D,20251203,000000,3.2,3.2,3,3.11,86951,0
WHLR.US,D,20251204,000000,3.08,3.34,2.82,3.24,408002,0
WHLR.US,D,20251205,000000,5.66,6.85,5.02,6.41,88445346,0
WHLR.US,D,20251208,000000,5.81,6.5,4.12,4.74,5682105,0
WHLR.US,D,20251209,000000,3.94,4.2013,3.6516,3.75,990076,0
WHLR.US,D,20251210,000000,3.63,4.13,3.59,3.92,819004,0
WHLR.US,D,20251211,000000,3.57,3.8499,2.62,2.83,3054921,0
WHLR.US,D,20251212,000000,3.23,3.45,2.995,3.09,3363852,0
WHLR.US,D,20251215,000000,2.97,3.03,2.611,2.75,446834,0
WHLR.US,D,20251216,000000,2.75,2.99,2.6,2.88,327139,0
WHLR.US,D,20251217,000000,2.78,2.82,2.59,2.65,230158,0
WHLR.US,D,20251218,000000,2.7,2.7094,2.36,2.57,390659,0
WHLR.US,D,20251219,000000,2.51,2.56,2.4,2.4,185955,0
WHLR.US,D,20251222,000000,2.36,2.3952,1.9201,2.15,547237,0
WHLR.US,D,20251223,000000,2.01,2.0113,1.86,1.98,181113,0
WHLR.US,D,20251224,000000,1.98,1.9869,1.88,1.98,97292,0
WHLR.US,D,20251226,000000,1.89,1.9318,1.69,1.87,158838,0
WHLR.US,D,20251229,000000,1.81,1.87,1.7301,1.84,100701,0
WHLR.US,D,20251230,000000,1.83,1.8399,1.7,1.76,111927,0
WHLR.US,D,20251231,000000,1.72,1.77,1.58,1.7,112354,0
WHLR.US,D,20260102,000000,1.68,1.88,1.6407,1.88,262029,0
WHLR.US,D,20260105,000000,1.87,2.06,1.84,2.02,153544,0
WHLR.US,D,20260106,000000,1.99,2.05,1.9,1.95,107466,0
WHLR.US,D,20260107,000000,1.92,1.94,1.8001,1.86,87665,0
WHLR.US,D,20260108,000000,1.82,2.1116,1.79,1.83,1412976,0
WHLR.US,D,20260109,000000,2.15,2.25,1.86,1.97,2351919,0
